image_path,emotion
0.jpg,contempt
1.jpg,contempt
10.jpg,contempt
100.jpg,contempt
1000.jpg,anger
1001.jpg,contempt
1002.jpg,anger
1003.jpg,contempt
1004.jpg,contempt
1005.jpg,contempt
1006.jpg,contempt
1007.jpg,contempt
1008.jpg,anger
1009.jpg,contempt
101.jpg,contempt
1010.jpg,contempt
1011.jpg,contempt
1012.jpg,contempt
1013.jpg,contempt
1014.jpg,anger
1015.jpg,anger
1016.jpg,contempt
1017.jpg,contempt
1018.jpg,contempt
1019.jpg,contempt
102.jpg,contempt
1020.jpg,anger
1021.jpg,contempt
1022.jpg,contempt
1023.jpg,anger
1024.jpg,contempt
1025.jpg,anger
1026.jpg,contempt
1027.jpg,contempt
1028.jpg,anger
1029.jpg,contempt
103.jpg,anger
1030.jpg,contempt
1031.jpg,contempt
1032.jpg,contempt
1033.jpg,contempt
1034.jpg,contempt
1035.jpg,contempt
1036.jpg,contempt
1037.jpg,contempt
1038.jpg,contempt
1039.jpg,anger
104.jpg,contempt
1040.jpg,contempt
1041.jpg,anger
1042.jpg,contempt
1043.jpg,contempt
1044.jpg,anger
1045.jpg,anger
1046.jpg,contempt
1047.jpg,contempt
1048.jpg,anger
1049.jpg,contempt
105.jpg,contempt
1050.jpg,anger
1051.jpg,contempt
1052.jpg,contempt
1053.jpg,contempt
1054.jpg,contempt
1055.jpg,contempt
1056.jpg,anger
1057.jpg,contempt
1058.jpg,contempt
1059.jpg,contempt
106.jpg,anger
1060.jpg,contempt
1061.jpg,contempt
1062.jpg,anger
1063.jpg,contempt
1064.jpg,contempt
1065.jpg,contempt
1066.jpg,anger
1067.jpg,contempt
1068.jpg,contempt
1069.jpg,anger
107.jpg,contempt
1070.jpg,anger
1071.jpg,contempt
1072.jpg,contempt
1073.jpg,anger
1074.jpg,contempt
1075.jpg,anger
1076.jpg,contempt
1077.jpg,anger
1078.jpg,contempt
1079.jpg,anger
108.jpg,anger
1080.jpg,contempt
1081.jpg,contempt
1082.jpg,contempt
1083.jpg,anger
1084.jpg,anger
1085.jpg,anger
1086.jpg,contempt
1087.jpg,contempt
1088.jpg,contempt
1089.jpg,contempt
109.jpg,contempt
1090.jpg,contempt
1091.jpg,contempt
1092.jpg,contempt
1093.jpg,contempt
1094.jpg,anger
1095.jpg,contempt
1096.jpg,contempt
1097.jpg,contempt
1098.jpg,contempt
1099.jpg,contempt
11.jpg,contempt
110.jpg,contempt
1100.jpg,contempt
1101.jpg,anger
1102.jpg,contempt
1103.jpg,contempt
1104.jpg,contempt
1105.jpg,contempt
1106.jpg,anger
1107.jpg,anger
1108.jpg,contempt
1109.jpg,contempt
111.jpg,contempt
1110.jpg,contempt
1111.jpg,anger
1112.jpg,anger
1113.jpg,contempt
1114.jpg,contempt
1115.jpg,contempt
1116.jpg,anger
1117.jpg,contempt
1118.jpg,contempt
1119.jpg,contempt
112.jpg,contempt
1120.jpg,contempt
1121.jpg,contempt
1122.jpg,contempt
1123.jpg,contempt
1124.jpg,contempt
1125.jpg,contempt
1126.jpg,contempt
1127.jpg,anger
1128.jpg,contempt
1129.jpg,anger
113.jpg,contempt
1130.jpg,contempt
1131.jpg,contempt
1132.jpg,contempt
1133.jpg,contempt
1134.jpg,contempt
1135.jpg,contempt
1136.jpg,contempt
1137.jpg,anger
1138.jpg,contempt
1139.jpg,contempt
114.jpg,anger
1140.jpg,contempt
1141.jpg,contempt
1142.jpg,contempt
1143.jpg,anger
1144.jpg,anger
1145.jpg,contempt
1146.jpg,contempt
1147.jpg,contempt
1148.jpg,contempt
1149.jpg,contempt
115.jpg,contempt
1150.jpg,contempt
1151.jpg,contempt
1152.jpg,contempt
1153.jpg,contempt
1154.jpg,anger
1155.jpg,anger
1156.jpg,contempt
1157.jpg,contempt
1158.jpg,contempt
1159.jpg,contempt
116.jpg,anger
1160.jpg,contempt
1161.jpg,contempt
1162.jpg,contempt
1163.jpg,contempt
1164.jpg,contempt
1165.jpg,contempt
1166.jpg,contempt
1167.jpg,contempt
1168.jpg,anger
1169.jpg,contempt
117.jpg,anger
1170.jpg,anger
1171.jpg,anger
1172.jpg,anger
1173.jpg,contempt
1174.jpg,contempt
1175.jpg,contempt
1176.jpg,contempt
1177.jpg,contempt
1178.jpg,anger
1179.jpg,contempt
118.jpg,contempt
1180.jpg,anger
1181.jpg,contempt
1182.jpg,contempt
1183.jpg,anger
1184.jpg,anger
1185.jpg,contempt
1186.jpg,contempt
1187.jpg,contempt
1188.jpg,anger
1189.jpg,anger
119.jpg,anger
1190.jpg,anger
1191.jpg,contempt
1192.jpg,contempt
1193.jpg,contempt
1194.jpg,contempt
1195.jpg,contempt
1196.jpg,contempt
1197.jpg,contempt
1198.jpg,contempt
1199.jpg,anger
12.jpg,anger
120.jpg,contempt
1200.jpg,contempt
1201.jpg,anger
1202.jpg,contempt
1203.jpg,anger
1204.jpg,contempt
1205.jpg,contempt
1206.jpg,contempt
1207.jpg,contempt
1208.jpg,contempt
1209.jpg,contempt
121.jpg,contempt
1210.jpg,contempt
1211.jpg,anger
1212.jpg,contempt
1213.jpg,anger
1214.jpg,contempt
1215.jpg,anger
1216.jpg,contempt
1217.jpg,contempt
1218.jpg,contempt
1219.jpg,contempt
122.jpg,anger
1220.jpg,contempt
1221.jpg,contempt
1222.jpg,contempt
1223.jpg,contempt
1224.jpg,anger
1225.jpg,contempt
1226.jpg,contempt
1227.jpg,contempt
1228.jpg,anger
1229.jpg,contempt
123.jpg,contempt
1230.jpg,contempt
1231.jpg,anger
1232.jpg,contempt
1233.jpg,contempt
1234.jpg,anger
1235.jpg,contempt
1236.jpg,contempt
1237.jpg,anger
1238.jpg,anger
1239.jpg,contempt
124.jpg,anger
1240.jpg,anger
1241.jpg,anger
1242.jpg,contempt
1243.jpg,contempt
1244.jpg,anger
1245.jpg,contempt
1246.jpg,anger
1247.jpg,contempt
1248.jpg,contempt
1249.jpg,contempt
125.jpg,anger
1250.jpg,contempt
1251.jpg,contempt
1252.jpg,contempt
1253.jpg,anger
1254.jpg,contempt
1255.jpg,contempt
1256.jpg,contempt
1257.jpg,contempt
1258.jpg,contempt
1259.jpg,contempt
126.jpg,anger
1260.jpg,contempt
1261.jpg,contempt
1262.jpg,contempt
1263.jpg,contempt
1264.jpg,contempt
1265.jpg,anger
1266.jpg,contempt
1267.jpg,contempt
1268.jpg,contempt
1269.jpg,contempt
127.jpg,contempt
1270.jpg,anger
1271.jpg,contempt
1272.jpg,contempt
1273.jpg,anger
1274.jpg,contempt
1275.jpg,contempt
1276.jpg,contempt
1277.jpg,contempt
1278.jpg,anger
1279.jpg,contempt
128.jpg,contempt
1280.jpg,contempt
1281.jpg,contempt
1282.jpg,contempt
1283.jpg,contempt
1284.jpg,contempt
1285.jpg,anger
1286.jpg,contempt
1287.jpg,anger
1288.jpg,contempt
1289.jpg,contempt
129.jpg,contempt
1290.jpg,contempt
1291.jpg,contempt
1292.jpg,anger
1293.jpg,anger
1294.jpg,contempt
1295.jpg,contempt
1296.jpg,contempt
1297.jpg,contempt
1298.jpg,contempt
1299.jpg,anger
13.jpg,anger
130.jpg,contempt
1300.jpg,contempt
1301.jpg,contempt
1302.jpg,contempt
1303.jpg,anger
1304.jpg,contempt
1305.jpg,anger
1306.jpg,contempt
1307.jpg,contempt
1308.jpg,contempt
1309.jpg,anger
131.jpg,contempt
1310.jpg,contempt
1311.jpg,contempt
1312.jpg,contempt
1313.jpg,contempt
1314.jpg,contempt
1315.jpg,anger
1316.jpg,anger
1317.jpg,contempt
1318.jpg,contempt
1319.jpg,contempt
132.jpg,anger
1320.jpg,contempt
1321.jpg,contempt
1322.jpg,contempt
1323.jpg,anger
1324.jpg,anger
1325.jpg,contempt
1326.jpg,contempt
1327.jpg,anger
1328.jpg,contempt
1329.jpg,anger
133.jpg,anger
1330.jpg,anger
1331.jpg,contempt
1332.jpg,contempt
1333.jpg,anger
1334.jpg,contempt
1335.jpg,contempt
1336.jpg,anger
1337.jpg,contempt
1338.jpg,anger
1339.jpg,contempt
134.jpg,contempt
1340.jpg,contempt
1341.jpg,anger
1342.jpg,contempt
1343.jpg,contempt
1344.jpg,contempt
1345.jpg,contempt
1346.jpg,anger
1347.jpg,contempt
1348.jpg,anger
1349.jpg,anger
135.jpg,anger
1350.jpg,anger
1351.jpg,contempt
1352.jpg,contempt
1353.jpg,contempt
1354.jpg,contempt
1355.jpg,contempt
1356.jpg,anger
1357.jpg,anger
1358.jpg,contempt
1359.jpg,anger
136.jpg,anger
1360.jpg,contempt
1361.jpg,contempt
1362.jpg,contempt
1363.jpg,contempt
1364.jpg,contempt
1365.jpg,contempt
1366.jpg,contempt
1367.jpg,contempt
1368.jpg,contempt
1369.jpg,contempt
137.jpg,contempt
1370.jpg,contempt
1371.jpg,contempt
1372.jpg,anger
1373.jpg,contempt
1374.jpg,contempt
1375.jpg,anger
1376.jpg,contempt
1377.jpg,contempt
1378.jpg,anger
1379.jpg,contempt
138.jpg,contempt
1380.jpg,contempt
1381.jpg,contempt
1382.jpg,anger
1383.jpg,contempt
1384.jpg,contempt
1385.jpg,anger
1386.jpg,anger
1387.jpg,contempt
1388.jpg,contempt
1389.jpg,contempt
139.jpg,contempt
1390.jpg,contempt
1391.jpg,contempt
1392.jpg,contempt
1393.jpg,contempt
1394.jpg,contempt
1395.jpg,contempt
1396.jpg,contempt
1397.jpg,contempt
1398.jpg,contempt
1399.jpg,anger
14.jpg,contempt
140.jpg,contempt
1400.jpg,contempt
1401.jpg,contempt
1402.jpg,contempt
1403.jpg,contempt
1404.jpg,contempt
1405.jpg,contempt
1406.jpg,contempt
1407.jpg,anger
1408.jpg,contempt
1409.jpg,contempt
141.jpg,anger
1410.jpg,contempt
1411.jpg,contempt
1412.jpg,contempt
1413.jpg,contempt
1414.jpg,anger
1415.jpg,anger
1416.jpg,contempt
1417.jpg,contempt
1418.jpg,contempt
1419.jpg,contempt
142.jpg,contempt
1420.jpg,contempt
1421.jpg,contempt
1422.jpg,contempt
1423.jpg,anger
1424.jpg,contempt
1425.jpg,contempt
1426.jpg,contempt
1427.jpg,contempt
1428.jpg,anger
1429.jpg,contempt
143.jpg,contempt
1430.jpg,anger
1431.jpg,contempt
1432.jpg,anger
1433.jpg,contempt
1434.jpg,anger
1435.jpg,contempt
1436.jpg,anger
1437.jpg,contempt
1438.jpg,contempt
1439.jpg,anger
144.jpg,contempt
1440.jpg,contempt
1441.jpg,contempt
1442.jpg,contempt
1443.jpg,contempt
1444.jpg,anger
1445.jpg,contempt
1446.jpg,contempt
1447.jpg,contempt
1448.jpg,anger
1449.jpg,contempt
145.jpg,contempt
1450.jpg,contempt
1451.jpg,contempt
1452.jpg,contempt
1453.jpg,contempt
1454.jpg,contempt
1455.jpg,contempt
1456.jpg,contempt
1457.jpg,anger
1458.jpg,contempt
1459.jpg,anger
146.jpg,anger
1460.jpg,contempt
1461.jpg,anger
1462.jpg,anger
1463.jpg,anger
1464.jpg,contempt
1465.jpg,contempt
1466.jpg,contempt
1467.jpg,contempt
1468.jpg,contempt
1469.jpg,contempt
147.jpg,contempt
1470.jpg,contempt
1471.jpg,contempt
1472.jpg,anger
1473.jpg,contempt
1474.jpg,anger
1475.jpg,anger
1476.jpg,contempt
1477.jpg,anger
1478.jpg,contempt
1479.jpg,contempt
148.jpg,contempt
1480.jpg,contempt
1481.jpg,contempt
1482.jpg,contempt
1483.jpg,anger
1484.jpg,contempt
1485.jpg,contempt
1486.jpg,contempt
1487.jpg,contempt
1488.jpg,contempt
1489.jpg,contempt
149.jpg,contempt
1490.jpg,contempt
1491.jpg,contempt
1492.jpg,contempt
1493.jpg,anger
1494.jpg,contempt
1495.jpg,contempt
1496.jpg,contempt
1497.jpg,anger
1498.jpg,anger
1499.jpg,anger
15.jpg,anger
150.jpg,contempt
1500.jpg,anger
1501.jpg,anger
1502.jpg,anger
1503.jpg,anger
1504.jpg,contempt
1505.jpg,contempt
1506.jpg,anger
1507.jpg,contempt
1508.jpg,contempt
1509.jpg,contempt
151.jpg,contempt
1510.jpg,contempt
1511.jpg,contempt
1512.jpg,contempt
1513.jpg,contempt
1514.jpg,anger
1515.jpg,contempt
1516.jpg,contempt
1517.jpg,contempt
1518.jpg,contempt
1519.jpg,contempt
152.jpg,contempt
1520.jpg,anger
1521.jpg,anger
1522.jpg,contempt
1523.jpg,anger
1524.jpg,contempt
1525.jpg,contempt
1526.jpg,contempt
1527.jpg,contempt
1528.jpg,contempt
1529.jpg,contempt
153.jpg,contempt
1530.jpg,anger
1531.jpg,contempt
1532.jpg,contempt
1533.jpg,anger
1534.jpg,anger
1535.jpg,contempt
1536.jpg,anger
1537.jpg,contempt
1538.jpg,contempt
1539.jpg,contempt
154.jpg,anger
1540.jpg,contempt
1541.jpg,contempt
1542.jpg,contempt
1543.jpg,anger
1544.jpg,contempt
1545.jpg,contempt
1546.jpg,contempt
1547.jpg,contempt
1548.jpg,contempt
1549.jpg,contempt
155.jpg,contempt
1550.jpg,contempt
1551.jpg,anger
1552.jpg,contempt
1553.jpg,contempt
1554.jpg,contempt
1555.jpg,contempt
1556.jpg,contempt
1557.jpg,anger
1558.jpg,anger
1559.jpg,contempt
156.jpg,contempt
1560.jpg,contempt
1561.jpg,contempt
1562.jpg,contempt
1563.jpg,anger
1564.jpg,contempt
1565.jpg,anger
1566.jpg,anger
1567.jpg,contempt
1568.jpg,anger
1569.jpg,anger
157.jpg,contempt
1570.jpg,contempt
1571.jpg,contempt
1572.jpg,anger
1573.jpg,contempt
1574.jpg,anger
1575.jpg,contempt
1576.jpg,contempt
1577.jpg,anger
1578.jpg,anger
1579.jpg,contempt
158.jpg,contempt
1580.jpg,contempt
1581.jpg,contempt
1582.jpg,contempt
1583.jpg,contempt
1584.jpg,contempt
1585.jpg,contempt
1586.jpg,contempt
1587.jpg,contempt
1588.jpg,contempt
1589.jpg,contempt
159.jpg,contempt
1590.jpg,anger
1591.jpg,contempt
1592.jpg,contempt
1593.jpg,contempt
1594.jpg,anger
1595.jpg,contempt
1596.jpg,anger
1597.jpg,anger
1598.jpg,anger
1599.jpg,contempt
16.jpg,anger
160.jpg,anger
1600.jpg,contempt
1601.jpg,contempt
1602.jpg,anger
1603.jpg,contempt
1604.jpg,contempt
1605.jpg,anger
1606.jpg,contempt
1607.jpg,contempt
1608.jpg,contempt
1609.jpg,anger
161.jpg,anger
1610.jpg,contempt
1611.jpg,contempt
1612.jpg,contempt
1613.jpg,anger
1614.jpg,anger
1615.jpg,anger
1616.jpg,contempt
1617.jpg,contempt
1618.jpg,contempt
1619.jpg,contempt
162.jpg,anger
1620.jpg,contempt
1621.jpg,contempt
1622.jpg,anger
1623.jpg,anger
1624.jpg,anger
1625.jpg,contempt
1626.jpg,contempt
1627.jpg,anger
1628.jpg,contempt
1629.jpg,anger
163.jpg,contempt
1630.jpg,anger
1631.jpg,contempt
1632.jpg,anger
1633.jpg,contempt
1634.jpg,contempt
1635.jpg,contempt
1636.jpg,anger
1637.jpg,contempt
1638.jpg,contempt
1639.jpg,contempt
164.jpg,anger
1640.jpg,contempt
1641.jpg,contempt
1642.jpg,contempt
1643.jpg,anger
1644.jpg,contempt
1645.jpg,anger
1646.jpg,anger
1647.jpg,contempt
1648.jpg,contempt
1649.jpg,contempt
165.jpg,anger
1650.jpg,contempt
1651.jpg,contempt
1652.jpg,contempt
1653.jpg,contempt
1654.jpg,contempt
1655.jpg,anger
1656.jpg,contempt
1657.jpg,contempt
1658.jpg,anger
1659.jpg,contempt
166.jpg,anger
1660.jpg,contempt
1661.jpg,anger
1662.jpg,contempt
1663.jpg,anger
1664.jpg,contempt
1665.jpg,anger
1666.jpg,anger
1667.jpg,anger
1668.jpg,contempt
1669.jpg,contempt
167.jpg,contempt
1670.jpg,contempt
1671.jpg,contempt
1672.jpg,contempt
1673.jpg,contempt
1674.jpg,contempt
1675.jpg,contempt
1676.jpg,contempt
1677.jpg,contempt
1678.jpg,anger
1679.jpg,contempt
168.jpg,anger
1680.jpg,contempt
1681.jpg,anger
1682.jpg,anger
1683.jpg,anger
1684.jpg,contempt
1685.jpg,contempt
1686.jpg,contempt
1687.jpg,contempt
1688.jpg,contempt
1689.jpg,contempt
169.jpg,anger
1690.jpg,contempt
1691.jpg,anger
1692.jpg,anger
1693.jpg,anger
1694.jpg,contempt
1695.jpg,contempt
1696.jpg,anger
1697.jpg,contempt
1698.jpg,anger
1699.jpg,contempt
17.jpg,contempt
170.jpg,contempt
1700.jpg,anger
1701.jpg,contempt
1702.jpg,contempt
1703.jpg,contempt
1704.jpg,contempt
1705.jpg,contempt
1706.jpg,contempt
1707.jpg,anger
1708.jpg,contempt
1709.jpg,contempt
171.jpg,contempt
1710.jpg,contempt
1711.jpg,contempt
1712.jpg,contempt
1713.jpg,contempt
1714.jpg,contempt
1715.jpg,contempt
1716.jpg,anger
1717.jpg,contempt
1718.jpg,anger
1719.jpg,anger
172.jpg,contempt
1720.jpg,anger
1721.jpg,contempt
1722.jpg,contempt
1723.jpg,contempt
1724.jpg,anger
1725.jpg,contempt
1726.jpg,contempt
1727.jpg,anger
1728.jpg,contempt
1729.jpg,contempt
173.jpg,anger
1730.jpg,anger
1731.jpg,contempt
1732.jpg,anger
1733.jpg,anger
1734.jpg,contempt
1735.jpg,contempt
1736.jpg,contempt
1737.jpg,contempt
1738.jpg,contempt
1739.jpg,contempt
174.jpg,contempt
1740.jpg,contempt
1741.jpg,contempt
1742.jpg,contempt
1743.jpg,anger
1744.jpg,contempt
1745.jpg,contempt
1746.jpg,contempt
1747.jpg,anger
1748.jpg,contempt
1749.jpg,contempt
175.jpg,contempt
1750.jpg,contempt
1751.jpg,contempt
1752.jpg,contempt
1753.jpg,contempt
1754.jpg,contempt
1755.jpg,anger
1756.jpg,contempt
1757.jpg,anger
1758.jpg,contempt
1759.jpg,contempt
176.jpg,contempt
1760.jpg,anger
1761.jpg,contempt
1762.jpg,contempt
1763.jpg,anger
1764.jpg,contempt
1765.jpg,contempt
1766.jpg,contempt
1767.jpg,contempt
1768.jpg,contempt
1769.jpg,anger
177.jpg,contempt
1770.jpg,contempt
1771.jpg,contempt
1772.jpg,anger
1773.jpg,contempt
1774.jpg,contempt
1775.jpg,contempt
1776.jpg,contempt
1777.jpg,contempt
1778.jpg,contempt
1779.jpg,contempt
178.jpg,anger
1780.jpg,contempt
1781.jpg,anger
1782.jpg,contempt
1783.jpg,contempt
1784.jpg,anger
1785.jpg,contempt
1786.jpg,contempt
1787.jpg,contempt
1788.jpg,contempt
1789.jpg,anger
179.jpg,contempt
1790.jpg,contempt
1791.jpg,anger
1792.jpg,contempt
1793.jpg,contempt
1794.jpg,anger
1795.jpg,contempt
1796.jpg,contempt
1797.jpg,anger
1798.jpg,contempt
1799.jpg,anger
18.jpg,contempt
180.jpg,contempt
1800.jpg,contempt
1801.jpg,contempt
1802.jpg,contempt
1803.jpg,contempt
1804.jpg,contempt
1805.jpg,contempt
1806.jpg,anger
1807.jpg,anger
1808.jpg,contempt
1809.jpg,contempt
181.jpg,contempt
1810.jpg,contempt
1811.jpg,anger
1812.jpg,contempt
1813.jpg,contempt
1814.jpg,anger
1815.jpg,anger
1816.jpg,contempt
1817.jpg,contempt
1818.jpg,anger
1819.jpg,contempt
182.jpg,anger
1820.jpg,contempt
1821.jpg,contempt
1822.jpg,contempt
1823.jpg,contempt
1824.jpg,anger
1825.jpg,contempt
1826.jpg,contempt
1827.jpg,contempt
1828.jpg,contempt
1829.jpg,contempt
183.jpg,anger
1830.jpg,contempt
1831.jpg,contempt
1832.jpg,contempt
1833.jpg,contempt
1834.jpg,anger
1835.jpg,contempt
1836.jpg,contempt
1837.jpg,contempt
1838.jpg,anger
1839.jpg,contempt
184.jpg,anger
1840.jpg,anger
1841.jpg,contempt
1842.jpg,contempt
1843.jpg,contempt
1844.jpg,contempt
1845.jpg,contempt
1846.jpg,contempt
1847.jpg,contempt
1848.jpg,anger
1849.jpg,contempt
185.jpg,contempt
1850.jpg,contempt
1851.jpg,contempt
1852.jpg,contempt
1853.jpg,anger
1854.jpg,contempt
1855.jpg,contempt
1856.jpg,contempt
1857.jpg,contempt
1858.jpg,anger
1859.jpg,contempt
186.jpg,contempt
1860.jpg,contempt
1861.jpg,contempt
1862.jpg,anger
1863.jpg,anger
1864.jpg,contempt
1865.jpg,contempt
1866.jpg,anger
1867.jpg,contempt
1868.jpg,contempt
1869.jpg,anger
187.jpg,contempt
1870.jpg,anger
1871.jpg,anger
1872.jpg,contempt
1873.jpg,contempt
1874.jpg,contempt
1875.jpg,contempt
1876.jpg,contempt
1877.jpg,anger
1878.jpg,contempt
1879.jpg,contempt
188.jpg,anger
1880.jpg,contempt
1881.jpg,contempt
1882.jpg,contempt
1883.jpg,contempt
1884.jpg,contempt
1885.jpg,contempt
1886.jpg,contempt
1887.jpg,contempt
1888.jpg,contempt
1889.jpg,anger
189.jpg,anger
1890.jpg,anger
1891.jpg,anger
1892.jpg,contempt
1893.jpg,anger
1894.jpg,contempt
1895.jpg,anger
1896.jpg,contempt
1897.jpg,contempt
1898.jpg,contempt
1899.jpg,contempt
19.jpg,anger
190.jpg,contempt
1900.jpg,contempt
1901.jpg,contempt
1902.jpg,contempt
1903.jpg,contempt
1904.jpg,contempt
1905.jpg,anger
1906.jpg,contempt
1907.jpg,contempt
1908.jpg,contempt
1909.jpg,contempt
191.jpg,contempt
1910.jpg,contempt
1911.jpg,contempt
1912.jpg,contempt
1913.jpg,contempt
1914.jpg,contempt
1915.jpg,anger
1916.jpg,contempt
1917.jpg,contempt
1918.jpg,contempt
1919.jpg,contempt
192.jpg,contempt
1920.jpg,anger
1921.jpg,anger
1922.jpg,contempt
1923.jpg,contempt
1924.jpg,contempt
1925.jpg,anger
1926.jpg,contempt
1927.jpg,anger
1928.jpg,contempt
1929.jpg,anger
193.jpg,contempt
1930.jpg,contempt
1931.jpg,contempt
1932.jpg,contempt
1933.jpg,contempt
1934.jpg,contempt
1935.jpg,contempt
1936.jpg,anger
1937.jpg,anger
1938.jpg,contempt
1939.jpg,contempt
194.jpg,anger
1940.jpg,contempt
1941.jpg,contempt
1942.jpg,contempt
1943.jpg,contempt
1944.jpg,contempt
1945.jpg,contempt
1946.jpg,contempt
1947.jpg,anger
1948.jpg,contempt
1949.jpg,contempt
195.jpg,contempt
1950.jpg,anger
1951.jpg,anger
1952.jpg,contempt
1953.jpg,contempt
1954.jpg,contempt
1955.jpg,contempt
1956.jpg,anger
1957.jpg,contempt
1958.jpg,contempt
1959.jpg,contempt
196.jpg,contempt
1960.jpg,contempt
1961.jpg,contempt
1962.jpg,contempt
1963.jpg,contempt
1964.jpg,contempt
1965.jpg,contempt
1966.jpg,anger
1967.jpg,contempt
1968.jpg,anger
1969.jpg,contempt
197.jpg,contempt
1970.jpg,contempt
1971.jpg,contempt
1972.jpg,contempt
1973.jpg,contempt
1974.jpg,contempt
1975.jpg,contempt
1976.jpg,contempt
1977.jpg,contempt
1978.jpg,anger
1979.jpg,contempt
198.jpg,contempt
1980.jpg,contempt
1981.jpg,anger
1982.jpg,anger
1983.jpg,contempt
1984.jpg,anger
1985.jpg,contempt
1986.jpg,contempt
1987.jpg,contempt
1988.jpg,contempt
1989.jpg,contempt
199.jpg,contempt
1990.jpg,contempt
1991.jpg,contempt
1992.jpg,contempt
1993.jpg,contempt
1994.jpg,contempt
1995.jpg,contempt
1996.jpg,contempt
1997.jpg,contempt
1998.jpg,contempt
1999.jpg,contempt
2.jpg,contempt
20.jpg,contempt
200.jpg,contempt
2000.jpg,contempt
2001.jpg,contempt
2002.jpg,contempt
2003.jpg,contempt
2004.jpg,contempt
2005.jpg,anger
2006.jpg,contempt
2007.jpg,contempt
2008.jpg,anger
2009.jpg,contempt
201.jpg,contempt
2010.jpg,anger
2011.jpg,contempt
2012.jpg,anger
2013.jpg,contempt
2014.jpg,anger
2015.jpg,anger
2016.jpg,anger
2017.jpg,anger
2018.jpg,anger
2019.jpg,anger
202.jpg,contempt
2020.jpg,contempt
2021.jpg,anger
2022.jpg,contempt
2023.jpg,contempt
2024.jpg,anger
2025.jpg,contempt
2026.jpg,contempt
2027.jpg,contempt
2028.jpg,contempt
2029.jpg,contempt
203.jpg,contempt
2030.jpg,contempt
2031.jpg,contempt
2032.jpg,contempt
2033.jpg,contempt
2034.jpg,contempt
2035.jpg,anger
2036.jpg,anger
2037.jpg,contempt
2038.jpg,contempt
2039.jpg,contempt
204.jpg,contempt
2040.jpg,contempt
2041.jpg,contempt
2042.jpg,anger
2043.jpg,contempt
2044.jpg,contempt
2045.jpg,anger
2046.jpg,contempt
2047.jpg,anger
2048.jpg,contempt
2049.jpg,anger
205.jpg,anger
2050.jpg,anger
2051.jpg,anger
2052.jpg,contempt
2053.jpg,contempt
2054.jpg,contempt
2055.jpg,contempt
2056.jpg,contempt
2057.jpg,contempt
2058.jpg,anger
2059.jpg,contempt
206.jpg,anger
2060.jpg,contempt
2061.jpg,contempt
2062.jpg,contempt
2063.jpg,contempt
2064.jpg,anger
2065.jpg,contempt
2066.jpg,anger
2067.jpg,contempt
2068.jpg,contempt
2069.jpg,contempt
207.jpg,anger
2070.jpg,contempt
2071.jpg,contempt
2072.jpg,contempt
2073.jpg,contempt
2074.jpg,anger
2075.jpg,contempt
2076.jpg,contempt
2077.jpg,contempt
2078.jpg,contempt
2079.jpg,anger
208.jpg,contempt
2080.jpg,anger
2081.jpg,contempt
2082.jpg,contempt
2083.jpg,contempt
2084.jpg,contempt
2085.jpg,contempt
2086.jpg,contempt
2087.jpg,contempt
2088.jpg,anger
2089.jpg,anger
209.jpg,anger
2090.jpg,contempt
2091.jpg,anger
2092.jpg,contempt
2093.jpg,contempt
2094.jpg,contempt
2095.jpg,anger
2096.jpg,contempt
2097.jpg,contempt
2098.jpg,contempt
2099.jpg,anger
21.jpg,anger
210.jpg,contempt
2100.jpg,contempt
2101.jpg,contempt
2102.jpg,anger
2103.jpg,contempt
2104.jpg,contempt
2105.jpg,contempt
2106.jpg,contempt
2107.jpg,anger
2108.jpg,contempt
2109.jpg,contempt
211.jpg,contempt
2110.jpg,contempt
2111.jpg,anger
2112.jpg,contempt
2113.jpg,anger
2114.jpg,anger
2115.jpg,contempt
2116.jpg,contempt
2117.jpg,contempt
2118.jpg,anger
2119.jpg,anger
212.jpg,contempt
2120.jpg,contempt
2121.jpg,contempt
2122.jpg,contempt
2123.jpg,contempt
2124.jpg,contempt
2125.jpg,anger
2126.jpg,contempt
2127.jpg,anger
2128.jpg,contempt
2129.jpg,contempt
213.jpg,contempt
2130.jpg,contempt
2131.jpg,contempt
2132.jpg,contempt
2133.jpg,anger
2134.jpg,contempt
2135.jpg,contempt
2136.jpg,contempt
2137.jpg,contempt
2138.jpg,anger
2139.jpg,contempt
214.jpg,contempt
2140.jpg,contempt
2141.jpg,contempt
2142.jpg,contempt
2143.jpg,contempt
2144.jpg,contempt
2145.jpg,contempt
2146.jpg,contempt
2147.jpg,anger
2148.jpg,contempt
2149.jpg,anger
215.jpg,contempt
2150.jpg,contempt
2151.jpg,contempt
2152.jpg,contempt
2153.jpg,contempt
2154.jpg,contempt
2155.jpg,contempt
2156.jpg,contempt
2157.jpg,contempt
2158.jpg,contempt
2159.jpg,contempt
216.jpg,anger
2160.jpg,contempt
2161.jpg,contempt
2162.jpg,anger
2163.jpg,contempt
2164.jpg,anger
2165.jpg,anger
2166.jpg,contempt
2167.jpg,contempt
2168.jpg,contempt
2169.jpg,contempt
217.jpg,contempt
2170.jpg,contempt
2171.jpg,anger
2172.jpg,contempt
2173.jpg,anger
2174.jpg,contempt
2175.jpg,anger
2176.jpg,contempt
2177.jpg,anger
2178.jpg,contempt
2179.jpg,contempt
218.jpg,contempt
2180.jpg,contempt
2181.jpg,anger
2182.jpg,contempt
2183.jpg,anger
2184.jpg,contempt
2185.jpg,contempt
2186.jpg,contempt
2187.jpg,anger
2188.jpg,contempt
2189.jpg,contempt
219.jpg,contempt
2190.jpg,anger
2191.jpg,contempt
2192.jpg,contempt
2193.jpg,anger
2194.jpg,contempt
2195.jpg,anger
2196.jpg,contempt
2197.jpg,contempt
2198.jpg,contempt
2199.jpg,contempt
22.jpg,contempt
220.jpg,contempt
2200.jpg,contempt
2201.jpg,contempt
2202.jpg,contempt
2203.jpg,contempt
2204.jpg,anger
2205.jpg,anger
2206.jpg,contempt
2207.jpg,contempt
2208.jpg,contempt
2209.jpg,contempt
221.jpg,anger
2210.jpg,anger
2211.jpg,contempt
2212.jpg,contempt
2213.jpg,contempt
2214.jpg,contempt
2215.jpg,contempt
2216.jpg,contempt
2217.jpg,contempt
2218.jpg,contempt
2219.jpg,anger
222.jpg,contempt
2220.jpg,anger
2221.jpg,contempt
2222.jpg,contempt
2223.jpg,contempt
2224.jpg,contempt
2225.jpg,contempt
2226.jpg,contempt
2227.jpg,anger
2228.jpg,contempt
2229.jpg,contempt
223.jpg,contempt
2230.jpg,anger
2231.jpg,contempt
2232.jpg,anger
2233.jpg,anger
2234.jpg,contempt
2235.jpg,contempt
2236.jpg,contempt
2237.jpg,anger
2238.jpg,contempt
2239.jpg,anger
224.jpg,contempt
2240.jpg,contempt
2241.jpg,anger
2242.jpg,contempt
2243.jpg,anger
2244.jpg,contempt
2245.jpg,anger
2246.jpg,contempt
2247.jpg,contempt
2248.jpg,anger
2249.jpg,contempt
225.jpg,contempt
2250.jpg,anger
2251.jpg,anger
2252.jpg,anger
2253.jpg,anger
2254.jpg,contempt
2255.jpg,anger
2256.jpg,contempt
2257.jpg,anger
2258.jpg,contempt
2259.jpg,contempt
226.jpg,contempt
2260.jpg,contempt
2261.jpg,anger
2262.jpg,contempt
2263.jpg,contempt
2264.jpg,anger
2265.jpg,contempt
2266.jpg,contempt
2267.jpg,contempt
2268.jpg,anger
2269.jpg,contempt
227.jpg,contempt
2270.jpg,contempt
2271.jpg,anger
2272.jpg,contempt
2273.jpg,contempt
2274.jpg,contempt
2275.jpg,contempt
2276.jpg,contempt
2277.jpg,contempt
2278.jpg,contempt
2279.jpg,anger
228.jpg,contempt
2280.jpg,contempt
2281.jpg,anger
2282.jpg,contempt
2283.jpg,contempt
2284.jpg,contempt
2285.jpg,contempt
2286.jpg,contempt
2287.jpg,contempt
2288.jpg,anger
2289.jpg,anger
229.jpg,anger
2290.jpg,contempt
2291.jpg,contempt
2292.jpg,contempt
2293.jpg,contempt
2294.jpg,contempt
2295.jpg,contempt
2296.jpg,contempt
2297.jpg,contempt
2298.jpg,anger
2299.jpg,contempt
23.jpg,contempt
230.jpg,contempt
2300.jpg,contempt
2301.jpg,contempt
2302.jpg,contempt
2303.jpg,contempt
2304.jpg,contempt
2305.jpg,anger
2306.jpg,contempt
2307.jpg,contempt
2308.jpg,anger
2309.jpg,contempt
231.jpg,contempt
2310.jpg,contempt
2311.jpg,contempt
2312.jpg,contempt
2313.jpg,anger
2314.jpg,contempt
2315.jpg,contempt
2316.jpg,contempt
2317.jpg,contempt
2318.jpg,contempt
2319.jpg,contempt
232.jpg,contempt
2320.jpg,anger
2321.jpg,anger
2322.jpg,anger
2323.jpg,contempt
2324.jpg,contempt
2325.jpg,contempt
2326.jpg,contempt
2327.jpg,anger
2328.jpg,contempt
2329.jpg,contempt
233.jpg,contempt
2330.jpg,contempt
2331.jpg,contempt
2332.jpg,anger
2333.jpg,contempt
2334.jpg,anger
2335.jpg,contempt
2336.jpg,contempt
2337.jpg,contempt
2338.jpg,contempt
2339.jpg,contempt
234.jpg,contempt
2340.jpg,contempt
2341.jpg,anger
2342.jpg,anger
2343.jpg,contempt
2344.jpg,contempt
2345.jpg,contempt
2346.jpg,contempt
2347.jpg,anger
2348.jpg,contempt
2349.jpg,contempt
235.jpg,contempt
2350.jpg,anger
2351.jpg,contempt
2352.jpg,contempt
2353.jpg,anger
2354.jpg,contempt
2355.jpg,contempt
2356.jpg,contempt
2357.jpg,contempt
2358.jpg,contempt
2359.jpg,contempt
236.jpg,anger
2360.jpg,contempt
2361.jpg,contempt
2362.jpg,anger
2363.jpg,contempt
2364.jpg,contempt
2365.jpg,anger
2366.jpg,anger
2367.jpg,anger
2368.jpg,anger
2369.jpg,contempt
237.jpg,contempt
2370.jpg,contempt
2371.jpg,contempt
2372.jpg,contempt
2373.jpg,contempt
2374.jpg,anger
2375.jpg,contempt
2376.jpg,contempt
2377.jpg,contempt
2378.jpg,anger
2379.jpg,contempt
238.jpg,contempt
2380.jpg,contempt
2381.jpg,anger
2382.jpg,contempt
2383.jpg,contempt
2384.jpg,contempt
2385.jpg,contempt
2386.jpg,contempt
2387.jpg,contempt
2388.jpg,contempt
2389.jpg,anger
239.jpg,anger
2390.jpg,anger
2391.jpg,contempt
2392.jpg,anger
2393.jpg,contempt
2394.jpg,contempt
2395.jpg,contempt
2396.jpg,contempt
2397.jpg,anger
2398.jpg,anger
2399.jpg,contempt
24.jpg,anger
240.jpg,contempt
2400.jpg,anger
2401.jpg,contempt
2402.jpg,anger
2403.jpg,contempt
2404.jpg,contempt
2405.jpg,contempt
2406.jpg,contempt
2407.jpg,contempt
2408.jpg,contempt
2409.jpg,contempt
241.jpg,anger
2410.jpg,contempt
2411.jpg,anger
2412.jpg,contempt
2413.jpg,anger
2414.jpg,contempt
2415.jpg,contempt
2416.jpg,anger
2417.jpg,contempt
2418.jpg,contempt
2419.jpg,contempt
242.jpg,anger
2420.jpg,contempt
2421.jpg,contempt
2422.jpg,contempt
2423.jpg,contempt
2424.jpg,contempt
2425.jpg,contempt
2426.jpg,anger
2427.jpg,contempt
2428.jpg,contempt
2429.jpg,contempt
243.jpg,contempt
2430.jpg,contempt
2431.jpg,anger
2432.jpg,contempt
2433.jpg,anger
2434.jpg,anger
2435.jpg,contempt
2436.jpg,anger
2437.jpg,anger
2438.jpg,anger
2439.jpg,contempt
244.jpg,contempt
2440.jpg,anger
2441.jpg,contempt
2442.jpg,contempt
2443.jpg,contempt
2444.jpg,contempt
2445.jpg,contempt
2446.jpg,anger
2447.jpg,contempt
2448.jpg,contempt
2449.jpg,contempt
245.jpg,contempt
2450.jpg,contempt
2451.jpg,contempt
2452.jpg,contempt
2453.jpg,contempt
2454.jpg,contempt
2455.jpg,contempt
2456.jpg,contempt
2457.jpg,contempt
2458.jpg,contempt
2459.jpg,anger
246.jpg,anger
2460.jpg,contempt
2461.jpg,anger
2462.jpg,anger
2463.jpg,anger
2464.jpg,contempt
2465.jpg,contempt
2466.jpg,anger
2467.jpg,contempt
2468.jpg,contempt
2469.jpg,contempt
247.jpg,contempt
2470.jpg,contempt
2471.jpg,anger
2472.jpg,contempt
2473.jpg,contempt
2474.jpg,contempt
2475.jpg,contempt
2476.jpg,contempt
2477.jpg,anger
2478.jpg,contempt
2479.jpg,contempt
248.jpg,anger
2480.jpg,contempt
2481.jpg,contempt
2482.jpg,contempt
2483.jpg,anger
2484.jpg,contempt
2485.jpg,contempt
2486.jpg,anger
2487.jpg,contempt
2488.jpg,anger
2489.jpg,anger
249.jpg,contempt
2490.jpg,contempt
2491.jpg,anger
2492.jpg,anger
2493.jpg,anger
2494.jpg,anger
2495.jpg,anger
2496.jpg,contempt
2497.jpg,contempt
2498.jpg,contempt
2499.jpg,contempt
25.jpg,contempt
250.jpg,contempt
2500.jpg,contempt
2501.jpg,anger
2502.jpg,contempt
2503.jpg,anger
2504.jpg,contempt
2505.jpg,contempt
2506.jpg,contempt
2507.jpg,contempt
2508.jpg,anger
2509.jpg,contempt
251.jpg,anger
2510.jpg,anger
2511.jpg,contempt
2512.jpg,contempt
2513.jpg,contempt
2514.jpg,contempt
2515.jpg,contempt
2516.jpg,contempt
2517.jpg,anger
2518.jpg,contempt
2519.jpg,anger
252.jpg,contempt
2520.jpg,anger
2521.jpg,anger
2522.jpg,anger
2523.jpg,anger
2524.jpg,contempt
2525.jpg,contempt
2526.jpg,anger
2527.jpg,contempt
2528.jpg,anger
2529.jpg,contempt
253.jpg,contempt
2530.jpg,contempt
2531.jpg,contempt
2532.jpg,contempt
2533.jpg,anger
2534.jpg,contempt
2535.jpg,contempt
2536.jpg,contempt
2537.jpg,contempt
2538.jpg,contempt
2539.jpg,contempt
254.jpg,anger
2540.jpg,contempt
2541.jpg,anger
2542.jpg,contempt
2543.jpg,anger
2544.jpg,contempt
2545.jpg,contempt
2546.jpg,contempt
2547.jpg,contempt
2548.jpg,anger
2549.jpg,contempt
255.jpg,anger
2550.jpg,contempt
2551.jpg,contempt
2552.jpg,contempt
2553.jpg,contempt
2554.jpg,anger
2555.jpg,contempt
2556.jpg,contempt
2557.jpg,contempt
2558.jpg,anger
2559.jpg,contempt
256.jpg,contempt
2560.jpg,contempt
2561.jpg,contempt
2562.jpg,contempt
2563.jpg,anger
2564.jpg,anger
2565.jpg,contempt
2566.jpg,anger
2567.jpg,anger
2568.jpg,contempt
2569.jpg,contempt
257.jpg,anger
2570.jpg,contempt
2571.jpg,contempt
2572.jpg,contempt
2573.jpg,contempt
2574.jpg,contempt
2575.jpg,contempt
2576.jpg,contempt
2577.jpg,contempt
2578.jpg,contempt
2579.jpg,contempt
258.jpg,contempt
2580.jpg,contempt
2581.jpg,contempt
2582.jpg,contempt
2583.jpg,contempt
2584.jpg,contempt
2585.jpg,contempt
2586.jpg,anger
2587.jpg,contempt
2588.jpg,contempt
2589.jpg,contempt
259.jpg,contempt
2590.jpg,contempt
2591.jpg,contempt
2592.jpg,contempt
2593.jpg,contempt
2594.jpg,contempt
2595.jpg,anger
2596.jpg,contempt
2597.jpg,contempt
2598.jpg,contempt
2599.jpg,contempt
26.jpg,contempt
260.jpg,contempt
2600.jpg,anger
2601.jpg,anger
2602.jpg,anger
2603.jpg,contempt
2604.jpg,contempt
2605.jpg,contempt
2606.jpg,anger
2607.jpg,contempt
2608.jpg,contempt
2609.jpg,contempt
261.jpg,anger
2610.jpg,anger
2611.jpg,anger
2612.jpg,contempt
2613.jpg,contempt
2614.jpg,contempt
2615.jpg,contempt
2616.jpg,contempt
2617.jpg,anger
2618.jpg,contempt
2619.jpg,contempt
262.jpg,anger
2620.jpg,anger
2621.jpg,anger
2622.jpg,contempt
2623.jpg,contempt
2624.jpg,anger
2625.jpg,contempt
2626.jpg,contempt
2627.jpg,contempt
2628.jpg,contempt
2629.jpg,contempt
263.jpg,contempt
2630.jpg,contempt
2631.jpg,contempt
2632.jpg,contempt
2633.jpg,contempt
2634.jpg,contempt
2635.jpg,anger
2636.jpg,anger
2637.jpg,anger
2638.jpg,contempt
2639.jpg,contempt
264.jpg,contempt
2640.jpg,contempt
2641.jpg,contempt
2642.jpg,contempt
2643.jpg,contempt
2644.jpg,anger
2645.jpg,contempt
2646.jpg,contempt
2647.jpg,contempt
2648.jpg,contempt
2649.jpg,anger
265.jpg,contempt
2650.jpg,contempt
2651.jpg,contempt
2652.jpg,anger
2653.jpg,contempt
2654.jpg,contempt
2655.jpg,anger
2656.jpg,contempt
2657.jpg,contempt
2658.jpg,contempt
2659.jpg,contempt
266.jpg,anger
2660.jpg,contempt
2661.jpg,contempt
2662.jpg,anger
2663.jpg,contempt
2664.jpg,contempt
2665.jpg,contempt
2666.jpg,contempt
2667.jpg,contempt
2668.jpg,contempt
2669.jpg,anger
267.jpg,contempt
2670.jpg,contempt
2671.jpg,anger
2672.jpg,contempt
2673.jpg,contempt
2674.jpg,contempt
2675.jpg,contempt
2676.jpg,contempt
2677.jpg,contempt
2678.jpg,anger
2679.jpg,anger
268.jpg,contempt
2680.jpg,contempt
2681.jpg,contempt
2682.jpg,contempt
2683.jpg,contempt
2684.jpg,anger
2685.jpg,contempt
2686.jpg,contempt
2687.jpg,contempt
2688.jpg,contempt
2689.jpg,contempt
269.jpg,contempt
2690.jpg,contempt
2691.jpg,contempt
2692.jpg,anger
2693.jpg,contempt
2694.jpg,contempt
2695.jpg,contempt
2696.jpg,contempt
2697.jpg,contempt
2698.jpg,contempt
2699.jpg,contempt
27.jpg,contempt
270.jpg,anger
2700.jpg,contempt
2701.jpg,contempt
2702.jpg,contempt
2703.jpg,anger
2704.jpg,anger
2705.jpg,contempt
2706.jpg,contempt
2707.jpg,contempt
2708.jpg,contempt
2709.jpg,contempt
271.jpg,anger
2710.jpg,contempt
2711.jpg,contempt
2712.jpg,anger
2713.jpg,contempt
2714.jpg,contempt
2715.jpg,contempt
2716.jpg,contempt
2717.jpg,contempt
2718.jpg,contempt
2719.jpg,contempt
272.jpg,contempt
2720.jpg,contempt
2721.jpg,contempt
2722.jpg,anger
2723.jpg,anger
2724.jpg,anger
2725.jpg,anger
2726.jpg,contempt
2727.jpg,anger
2728.jpg,contempt
2729.jpg,contempt
273.jpg,contempt
2730.jpg,anger
2731.jpg,contempt
2732.jpg,anger
2733.jpg,contempt
2734.jpg,contempt
2735.jpg,contempt
2736.jpg,contempt
2737.jpg,contempt
2738.jpg,contempt
2739.jpg,contempt
274.jpg,anger
2740.jpg,contempt
2741.jpg,anger
2742.jpg,contempt
2743.jpg,contempt
2744.jpg,contempt
2745.jpg,contempt
2746.jpg,anger
2747.jpg,contempt
2748.jpg,anger
2749.jpg,contempt
275.jpg,contempt
2750.jpg,contempt
2751.jpg,contempt
2752.jpg,contempt
2753.jpg,anger
2754.jpg,anger
2755.jpg,contempt
2756.jpg,contempt
2757.jpg,contempt
2758.jpg,anger
2759.jpg,contempt
276.jpg,contempt
2760.jpg,contempt
2761.jpg,anger
2762.jpg,contempt
2763.jpg,contempt
2764.jpg,contempt
2765.jpg,contempt
2766.jpg,anger
2767.jpg,contempt
2768.jpg,contempt
2769.jpg,contempt
277.jpg,contempt
2770.jpg,contempt
2771.jpg,anger
2772.jpg,contempt
2773.jpg,anger
2774.jpg,anger
2775.jpg,contempt
2776.jpg,anger
2777.jpg,contempt
2778.jpg,contempt
2779.jpg,anger
278.jpg,contempt
2780.jpg,contempt
2781.jpg,contempt
2782.jpg,contempt
2783.jpg,contempt
2784.jpg,contempt
2785.jpg,contempt
2786.jpg,anger
2787.jpg,contempt
2788.jpg,contempt
2789.jpg,contempt
279.jpg,contempt
2790.jpg,contempt
2791.jpg,contempt
2792.jpg,contempt
2793.jpg,contempt
2794.jpg,contempt
2795.jpg,anger
2796.jpg,contempt
2797.jpg,contempt
2798.jpg,contempt
2799.jpg,contempt
28.jpg,contempt
280.jpg,anger
2800.jpg,anger
2801.jpg,contempt
2802.jpg,contempt
2803.jpg,contempt
2804.jpg,contempt
2805.jpg,contempt
2806.jpg,contempt
2807.jpg,contempt
2808.jpg,contempt
2809.jpg,anger
281.jpg,anger
2810.jpg,contempt
2811.jpg,contempt
2812.jpg,anger
2813.jpg,contempt
2814.jpg,anger
2815.jpg,anger
2816.jpg,contempt
2817.jpg,anger
2818.jpg,contempt
2819.jpg,contempt
282.jpg,contempt
2820.jpg,anger
2821.jpg,contempt
2822.jpg,contempt
2823.jpg,contempt
2824.jpg,contempt
2825.jpg,contempt
2826.jpg,contempt
2827.jpg,anger
2828.jpg,contempt
2829.jpg,contempt
283.jpg,contempt
2830.jpg,contempt
2831.jpg,contempt
2832.jpg,contempt
2833.jpg,contempt
2834.jpg,contempt
2835.jpg,contempt
2836.jpg,contempt
2837.jpg,contempt
2838.jpg,contempt
2839.jpg,contempt
284.jpg,contempt
2840.jpg,contempt
2841.jpg,anger
2842.jpg,contempt
2843.jpg,contempt
2844.jpg,contempt
2845.jpg,contempt
2846.jpg,anger
2847.jpg,anger
2848.jpg,contempt
2849.jpg,contempt
285.jpg,contempt
2850.jpg,contempt
2851.jpg,anger
2852.jpg,contempt
2853.jpg,contempt
2854.jpg,contempt
2855.jpg,contempt
2856.jpg,anger
2857.jpg,contempt
2858.jpg,anger
2859.jpg,contempt
286.jpg,anger
2860.jpg,contempt
2861.jpg,contempt
2862.jpg,contempt
2863.jpg,contempt
2864.jpg,contempt
2865.jpg,contempt
2866.jpg,contempt
2867.jpg,contempt
2868.jpg,contempt
2869.jpg,contempt
287.jpg,contempt
2870.jpg,contempt
2871.jpg,contempt
2872.jpg,contempt
2873.jpg,contempt
2874.jpg,contempt
2875.jpg,contempt
2876.jpg,contempt
2877.jpg,contempt
2878.jpg,contempt
2879.jpg,contempt
288.jpg,anger
2880.jpg,anger
2881.jpg,contempt
2882.jpg,anger
2883.jpg,anger
2884.jpg,anger
2885.jpg,contempt
2886.jpg,contempt
2887.jpg,anger
2888.jpg,contempt
2889.jpg,contempt
289.jpg,contempt
2890.jpg,contempt
2891.jpg,contempt
2892.jpg,contempt
2893.jpg,contempt
2894.jpg,anger
2895.jpg,contempt
2896.jpg,contempt
2897.jpg,anger
2898.jpg,anger
2899.jpg,contempt
29.jpg,contempt
290.jpg,contempt
2900.jpg,contempt
2901.jpg,anger
2902.jpg,contempt
2903.jpg,contempt
2904.jpg,anger
2905.jpg,contempt
2906.jpg,contempt
2907.jpg,contempt
2908.jpg,contempt
2909.jpg,contempt
291.jpg,contempt
2910.jpg,anger
2911.jpg,contempt
2912.jpg,anger
2913.jpg,contempt
2914.jpg,contempt
2915.jpg,contempt
2916.jpg,contempt
2917.jpg,contempt
2918.jpg,contempt
2919.jpg,contempt
292.jpg,contempt
2920.jpg,contempt
2921.jpg,contempt
2922.jpg,anger
2923.jpg,anger
2924.jpg,contempt
2925.jpg,anger
2926.jpg,anger
2927.jpg,contempt
2928.jpg,contempt
2929.jpg,contempt
293.jpg,anger
2930.jpg,anger
2931.jpg,contempt
2932.jpg,contempt
2933.jpg,anger
2934.jpg,contempt
2935.jpg,contempt
2936.jpg,contempt
2937.jpg,contempt
2938.jpg,contempt
2939.jpg,contempt
294.jpg,contempt
2940.jpg,anger
2941.jpg,contempt
2942.jpg,contempt
2943.jpg,contempt
2944.jpg,anger
2945.jpg,anger
2946.jpg,anger
2947.jpg,contempt
2948.jpg,contempt
2949.jpg,anger
295.jpg,contempt
2950.jpg,anger
2951.jpg,anger
2952.jpg,contempt
2953.jpg,anger
2954.jpg,contempt
2955.jpg,anger
2956.jpg,contempt
2957.jpg,contempt
2958.jpg,contempt
2959.jpg,contempt
296.jpg,anger
2960.jpg,contempt
2961.jpg,contempt
2962.jpg,contempt
2963.jpg,anger
2964.jpg,contempt
2965.jpg,contempt
2966.jpg,contempt
2967.jpg,contempt
2968.jpg,contempt
2969.jpg,anger
297.jpg,contempt
2970.jpg,contempt
2971.jpg,anger
2972.jpg,contempt
2973.jpg,contempt
2974.jpg,contempt
2975.jpg,contempt
2976.jpg,contempt
2977.jpg,contempt
2978.jpg,contempt
2979.jpg,contempt
298.jpg,anger
2980.jpg,contempt
2981.jpg,contempt
2982.jpg,contempt
2983.jpg,contempt
2984.jpg,contempt
2985.jpg,contempt
2986.jpg,contempt
2987.jpg,anger
2988.jpg,anger
2989.jpg,contempt
299.jpg,contempt
2990.jpg,anger
2991.jpg,contempt
2992.jpg,anger
2993.jpg,contempt
2994.jpg,anger
2995.jpg,anger
2996.jpg,contempt
2997.jpg,contempt
2998.jpg,contempt
2999.jpg,contempt
3.jpg,anger
30.jpg,contempt
300.jpg,contempt
3000.jpg,anger
3001.jpg,contempt
3002.jpg,contempt
3003.jpg,contempt
3004.jpg,contempt
3005.jpg,contempt
3006.jpg,contempt
3007.jpg,anger
3008.jpg,contempt
3009.jpg,contempt
301.jpg,contempt
3010.jpg,contempt
3011.jpg,anger
3012.jpg,contempt
3013.jpg,contempt
3014.jpg,contempt
3015.jpg,anger
3016.jpg,contempt
3017.jpg,contempt
3018.jpg,contempt
3019.jpg,anger
302.jpg,contempt
3020.jpg,anger
3021.jpg,anger
3022.jpg,contempt
3023.jpg,contempt
3024.jpg,contempt
3025.jpg,contempt
3026.jpg,contempt
3027.jpg,contempt
3028.jpg,contempt
3029.jpg,anger
303.jpg,anger
3030.jpg,contempt
3031.jpg,contempt
3032.jpg,anger
3033.jpg,anger
3034.jpg,contempt
3035.jpg,anger
3036.jpg,anger
3037.jpg,contempt
3038.jpg,anger
3039.jpg,contempt
304.jpg,contempt
3040.jpg,contempt
3041.jpg,anger
3042.jpg,contempt
3043.jpg,contempt
3044.jpg,anger
3045.jpg,anger
3046.jpg,contempt
3047.jpg,contempt
3048.jpg,contempt
3049.jpg,anger
305.jpg,contempt
3050.jpg,contempt
3051.jpg,anger
3052.jpg,anger
3053.jpg,contempt
3054.jpg,contempt
3055.jpg,anger
3056.jpg,contempt
3057.jpg,anger
3058.jpg,anger
3059.jpg,contempt
306.jpg,anger
3060.jpg,contempt
3061.jpg,anger
3062.jpg,contempt
3063.jpg,contempt
3064.jpg,contempt
3065.jpg,contempt
3066.jpg,contempt
3067.jpg,contempt
3068.jpg,anger
3069.jpg,contempt
307.jpg,contempt
3070.jpg,contempt
3071.jpg,anger
3072.jpg,anger
3073.jpg,anger
3074.jpg,contempt
3075.jpg,anger
3076.jpg,anger
3077.jpg,anger
3078.jpg,contempt
3079.jpg,contempt
308.jpg,contempt
3080.jpg,contempt
3081.jpg,contempt
3082.jpg,contempt
3083.jpg,contempt
3084.jpg,contempt
3085.jpg,contempt
3086.jpg,contempt
3087.jpg,anger
3088.jpg,contempt
3089.jpg,contempt
309.jpg,anger
3090.jpg,contempt
3091.jpg,anger
3092.jpg,anger
3093.jpg,anger
3094.jpg,anger
3095.jpg,contempt
3096.jpg,anger
3097.jpg,contempt
3098.jpg,contempt
3099.jpg,anger
31.jpg,contempt
310.jpg,contempt
3100.jpg,contempt
3101.jpg,contempt
3102.jpg,contempt
3103.jpg,contempt
3104.jpg,contempt
3105.jpg,anger
3106.jpg,contempt
3107.jpg,contempt
3108.jpg,contempt
3109.jpg,anger
311.jpg,contempt
3110.jpg,contempt
3111.jpg,anger
3112.jpg,contempt
3113.jpg,contempt
3114.jpg,anger
3115.jpg,contempt
3116.jpg,contempt
3117.jpg,anger
3118.jpg,contempt
3119.jpg,contempt
312.jpg,anger
3120.jpg,anger
3121.jpg,anger
3122.jpg,contempt
3123.jpg,contempt
3124.jpg,contempt
3125.jpg,contempt
3126.jpg,anger
3127.jpg,contempt
3128.jpg,contempt
3129.jpg,contempt
313.jpg,contempt
3130.jpg,contempt
3131.jpg,contempt
3132.jpg,anger
3133.jpg,anger
3134.jpg,contempt
3135.jpg,contempt
3136.jpg,anger
3137.jpg,contempt
3138.jpg,contempt
3139.jpg,contempt
314.jpg,contempt
3140.jpg,anger
3141.jpg,contempt
3142.jpg,contempt
3143.jpg,contempt
3144.jpg,anger
3145.jpg,contempt
3146.jpg,contempt
3147.jpg,contempt
3148.jpg,contempt
3149.jpg,contempt
315.jpg,contempt
3150.jpg,contempt
3151.jpg,contempt
3152.jpg,contempt
3153.jpg,contempt
3154.jpg,contempt
3155.jpg,anger
3156.jpg,contempt
3157.jpg,contempt
3158.jpg,contempt
3159.jpg,contempt
316.jpg,contempt
3160.jpg,anger
3161.jpg,anger
3162.jpg,contempt
3163.jpg,contempt
3164.jpg,contempt
3165.jpg,anger
3166.jpg,contempt
3167.jpg,anger
3168.jpg,anger
3169.jpg,contempt
317.jpg,contempt
3170.jpg,contempt
3171.jpg,contempt
3172.jpg,contempt
3173.jpg,contempt
3174.jpg,anger
3175.jpg,contempt
3176.jpg,anger
3177.jpg,contempt
3178.jpg,contempt
3179.jpg,contempt
318.jpg,contempt
3180.jpg,contempt
3181.jpg,contempt
3182.jpg,contempt
3183.jpg,anger
3184.jpg,anger
3185.jpg,contempt
3186.jpg,contempt
3187.jpg,contempt
3188.jpg,contempt
3189.jpg,contempt
319.jpg,contempt
3190.jpg,anger
3191.jpg,contempt
3192.jpg,anger
3193.jpg,contempt
3194.jpg,anger
3195.jpg,anger
3196.jpg,contempt
3197.jpg,contempt
3198.jpg,anger
3199.jpg,contempt
32.jpg,contempt
320.jpg,contempt
3200.jpg,contempt
3201.jpg,contempt
3202.jpg,contempt
3203.jpg,anger
3204.jpg,contempt
3205.jpg,anger
3206.jpg,contempt
3207.jpg,contempt
3208.jpg,anger
3209.jpg,contempt
321.jpg,contempt
3210.jpg,contempt
3211.jpg,contempt
3212.jpg,contempt
3213.jpg,contempt
3214.jpg,contempt
3215.jpg,anger
3216.jpg,contempt
3217.jpg,contempt
3218.jpg,contempt
3219.jpg,anger
322.jpg,anger
3220.jpg,contempt
3221.jpg,contempt
3222.jpg,contempt
3223.jpg,contempt
3224.jpg,anger
3225.jpg,contempt
3226.jpg,contempt
3227.jpg,contempt
3228.jpg,contempt
3229.jpg,contempt
323.jpg,contempt
3230.jpg,anger
3231.jpg,contempt
3232.jpg,contempt
3233.jpg,contempt
3234.jpg,contempt
3235.jpg,contempt
3236.jpg,contempt
3237.jpg,contempt
3238.jpg,contempt
3239.jpg,contempt
324.jpg,contempt
3240.jpg,contempt
3241.jpg,contempt
3242.jpg,contempt
3243.jpg,contempt
3244.jpg,contempt
3245.jpg,contempt
3246.jpg,anger
3247.jpg,contempt
3248.jpg,contempt
3249.jpg,contempt
325.jpg,anger
3250.jpg,contempt
3251.jpg,anger
3252.jpg,anger
3253.jpg,contempt
3254.jpg,contempt
3255.jpg,contempt
3256.jpg,contempt
3257.jpg,contempt
3258.jpg,contempt
3259.jpg,anger
326.jpg,anger
3260.jpg,contempt
3261.jpg,contempt
3262.jpg,contempt
3263.jpg,anger
3264.jpg,anger
3265.jpg,contempt
3266.jpg,anger
3267.jpg,anger
3268.jpg,contempt
3269.jpg,contempt
327.jpg,anger
3270.jpg,contempt
3271.jpg,contempt
3272.jpg,contempt
3273.jpg,contempt
3274.jpg,contempt
3275.jpg,contempt
3276.jpg,contempt
3277.jpg,contempt
3278.jpg,contempt
3279.jpg,anger
328.jpg,contempt
3280.jpg,contempt
3281.jpg,contempt
3282.jpg,anger
3283.jpg,anger
3284.jpg,contempt
3285.jpg,contempt
3286.jpg,contempt
3287.jpg,contempt
3288.jpg,contempt
3289.jpg,contempt
329.jpg,contempt
3290.jpg,contempt
3291.jpg,contempt
3292.jpg,contempt
3293.jpg,anger
3294.jpg,anger
3295.jpg,contempt
3296.jpg,contempt
3297.jpg,contempt
3298.jpg,contempt
3299.jpg,contempt
33.jpg,contempt
330.jpg,contempt
3300.jpg,contempt
3301.jpg,contempt
3302.jpg,anger
3303.jpg,contempt
3304.jpg,anger
3305.jpg,contempt
3306.jpg,contempt
3307.jpg,contempt
3308.jpg,contempt
3309.jpg,contempt
331.jpg,anger
3310.jpg,contempt
3311.jpg,anger
3312.jpg,contempt
3313.jpg,contempt
3314.jpg,anger
3315.jpg,contempt
3316.jpg,contempt
3317.jpg,contempt
3318.jpg,contempt
3319.jpg,anger
332.jpg,contempt
3320.jpg,contempt
3321.jpg,contempt
3322.jpg,contempt
3323.jpg,anger
3324.jpg,anger
3325.jpg,anger
3326.jpg,contempt
3327.jpg,contempt
3328.jpg,anger
3329.jpg,contempt
333.jpg,anger
3330.jpg,contempt
3331.jpg,anger
3332.jpg,contempt
3333.jpg,contempt
3334.jpg,contempt
3335.jpg,contempt
3336.jpg,anger
3337.jpg,contempt
3338.jpg,contempt
3339.jpg,contempt
334.jpg,contempt
3340.jpg,anger
3341.jpg,contempt
3342.jpg,contempt
3343.jpg,contempt
3344.jpg,anger
3345.jpg,anger
3346.jpg,contempt
3347.jpg,anger
3348.jpg,contempt
3349.jpg,contempt
335.jpg,anger
3350.jpg,contempt
3351.jpg,anger
3352.jpg,contempt
3353.jpg,contempt
3354.jpg,anger
3355.jpg,anger
3356.jpg,contempt
3357.jpg,contempt
3358.jpg,anger
3359.jpg,contempt
336.jpg,anger
3360.jpg,contempt
3361.jpg,contempt
3362.jpg,contempt
3363.jpg,contempt
3364.jpg,contempt
3365.jpg,contempt
3366.jpg,anger
3367.jpg,contempt
3368.jpg,contempt
3369.jpg,anger
337.jpg,contempt
3370.jpg,contempt
3371.jpg,anger
3372.jpg,contempt
3373.jpg,contempt
3374.jpg,contempt
3375.jpg,contempt
3376.jpg,contempt
3377.jpg,contempt
3378.jpg,contempt
3379.jpg,contempt
338.jpg,contempt
3380.jpg,contempt
3381.jpg,anger
3382.jpg,contempt
3383.jpg,contempt
3384.jpg,contempt
3385.jpg,anger
3386.jpg,contempt
3387.jpg,contempt
3388.jpg,contempt
3389.jpg,contempt
339.jpg,anger
3390.jpg,contempt
3391.jpg,anger
3392.jpg,contempt
3393.jpg,contempt
3394.jpg,anger
3395.jpg,contempt
3396.jpg,contempt
3397.jpg,anger
3398.jpg,contempt
3399.jpg,contempt
34.jpg,contempt
340.jpg,contempt
3400.jpg,contempt
3401.jpg,contempt
3402.jpg,contempt
3403.jpg,contempt
3404.jpg,anger
3405.jpg,anger
3406.jpg,contempt
3407.jpg,anger
3408.jpg,contempt
3409.jpg,contempt
341.jpg,anger
3410.jpg,contempt
3411.jpg,contempt
3412.jpg,contempt
3413.jpg,contempt
3414.jpg,contempt
3415.jpg,anger
3416.jpg,contempt
3417.jpg,anger
3418.jpg,anger
3419.jpg,contempt
342.jpg,anger
3420.jpg,contempt
3421.jpg,contempt
3422.jpg,contempt
3423.jpg,contempt
3424.jpg,contempt
3425.jpg,contempt
3426.jpg,anger
3427.jpg,anger
3428.jpg,contempt
3429.jpg,contempt
343.jpg,anger
3430.jpg,contempt
3431.jpg,contempt
3432.jpg,anger
3433.jpg,anger
3434.jpg,anger
3435.jpg,contempt
3436.jpg,contempt
3437.jpg,contempt
3438.jpg,contempt
3439.jpg,anger
344.jpg,contempt
3440.jpg,contempt
3441.jpg,contempt
3442.jpg,contempt
3443.jpg,contempt
3444.jpg,contempt
3445.jpg,contempt
3446.jpg,anger
3447.jpg,contempt
3448.jpg,anger
3449.jpg,anger
345.jpg,contempt
3450.jpg,anger
3451.jpg,contempt
3452.jpg,contempt
3453.jpg,contempt
3454.jpg,contempt
3455.jpg,contempt
3456.jpg,anger
3457.jpg,contempt
3458.jpg,contempt
3459.jpg,contempt
346.jpg,anger
3460.jpg,anger
3461.jpg,contempt
3462.jpg,contempt
3463.jpg,anger
3464.jpg,contempt
3465.jpg,anger
3466.jpg,contempt
3467.jpg,contempt
3468.jpg,contempt
3469.jpg,contempt
347.jpg,anger
3470.jpg,contempt
3471.jpg,contempt
3472.jpg,contempt
3473.jpg,anger
3474.jpg,contempt
3475.jpg,contempt
3476.jpg,anger
3477.jpg,contempt
3478.jpg,contempt
3479.jpg,contempt
348.jpg,anger
3480.jpg,contempt
3481.jpg,contempt
3482.jpg,contempt
3483.jpg,anger
3484.jpg,anger
3485.jpg,anger
3486.jpg,anger
3487.jpg,contempt
3488.jpg,contempt
3489.jpg,anger
349.jpg,anger
3490.jpg,contempt
3491.jpg,contempt
3492.jpg,contempt
3493.jpg,contempt
3494.jpg,contempt
3495.jpg,anger
3496.jpg,anger
3497.jpg,contempt
3498.jpg,contempt
3499.jpg,contempt
35.jpg,contempt
350.jpg,contempt
3500.jpg,anger
3501.jpg,anger
3502.jpg,contempt
3503.jpg,anger
3504.jpg,anger
3505.jpg,contempt
3506.jpg,anger
3507.jpg,contempt
3508.jpg,contempt
3509.jpg,contempt
351.jpg,contempt
3510.jpg,anger
3511.jpg,contempt
3512.jpg,contempt
3513.jpg,contempt
3514.jpg,anger
3515.jpg,anger
3516.jpg,anger
3517.jpg,contempt
3518.jpg,contempt
3519.jpg,contempt
352.jpg,contempt
3520.jpg,anger
3521.jpg,contempt
3522.jpg,contempt
3523.jpg,contempt
3524.jpg,anger
3525.jpg,contempt
3526.jpg,anger
3527.jpg,contempt
3528.jpg,contempt
3529.jpg,contempt
353.jpg,contempt
3530.jpg,contempt
3531.jpg,contempt
3532.jpg,anger
3533.jpg,contempt
3534.jpg,contempt
3535.jpg,contempt
3536.jpg,anger
3537.jpg,contempt
3538.jpg,contempt
3539.jpg,contempt
354.jpg,contempt
3540.jpg,anger
3541.jpg,anger
3542.jpg,contempt
3543.jpg,anger
3544.jpg,contempt
3545.jpg,anger
3546.jpg,anger
3547.jpg,contempt
3548.jpg,contempt
3549.jpg,anger
355.jpg,contempt
3550.jpg,contempt
3551.jpg,contempt
3552.jpg,anger
3553.jpg,anger
3554.jpg,contempt
3555.jpg,anger
3556.jpg,contempt
3557.jpg,anger
3558.jpg,contempt
3559.jpg,contempt
356.jpg,contempt
3560.jpg,contempt
3561.jpg,contempt
3562.jpg,contempt
3563.jpg,contempt
3564.jpg,anger
3565.jpg,contempt
3566.jpg,contempt
3567.jpg,anger
3568.jpg,anger
3569.jpg,anger
357.jpg,anger
3570.jpg,contempt
3571.jpg,contempt
3572.jpg,contempt
3573.jpg,anger
3574.jpg,contempt
3575.jpg,contempt
3576.jpg,contempt
3577.jpg,contempt
3578.jpg,contempt
3579.jpg,anger
358.jpg,contempt
3580.jpg,anger
3581.jpg,contempt
3582.jpg,anger
3583.jpg,contempt
3584.jpg,contempt
3585.jpg,contempt
3586.jpg,anger
3587.jpg,contempt
3588.jpg,contempt
3589.jpg,contempt
359.jpg,anger
3590.jpg,anger
3591.jpg,contempt
3592.jpg,contempt
3593.jpg,anger
3594.jpg,anger
3595.jpg,anger
3596.jpg,contempt
3597.jpg,contempt
3598.jpg,anger
3599.jpg,contempt
36.jpg,contempt
360.jpg,contempt
3600.jpg,contempt
3601.jpg,contempt
3602.jpg,anger
3603.jpg,contempt
3604.jpg,contempt
3605.jpg,contempt
3606.jpg,contempt
3607.jpg,contempt
3608.jpg,anger
3609.jpg,anger
361.jpg,contempt
3610.jpg,anger
3611.jpg,contempt
3612.jpg,contempt
3613.jpg,contempt
3614.jpg,anger
3615.jpg,contempt
3616.jpg,contempt
3617.jpg,contempt
3618.jpg,contempt
3619.jpg,contempt
362.jpg,contempt
3620.jpg,contempt
3621.jpg,contempt
3622.jpg,anger
3623.jpg,anger
3624.jpg,anger
3625.jpg,anger
3626.jpg,contempt
3627.jpg,anger
3628.jpg,contempt
3629.jpg,anger
363.jpg,anger
3630.jpg,contempt
3631.jpg,contempt
3632.jpg,contempt
3633.jpg,contempt
3634.jpg,contempt
3635.jpg,contempt
3636.jpg,anger
3637.jpg,contempt
3638.jpg,contempt
3639.jpg,contempt
364.jpg,contempt
3640.jpg,contempt
3641.jpg,anger
3642.jpg,anger
3643.jpg,contempt
3644.jpg,contempt
3645.jpg,anger
3646.jpg,anger
3647.jpg,contempt
3648.jpg,anger
3649.jpg,anger
365.jpg,anger
3650.jpg,anger
3651.jpg,contempt
3652.jpg,contempt
3653.jpg,contempt
3654.jpg,anger
3655.jpg,contempt
3656.jpg,contempt
3657.jpg,contempt
3658.jpg,contempt
3659.jpg,contempt
366.jpg,contempt
3660.jpg,contempt
3661.jpg,anger
3662.jpg,anger
3663.jpg,contempt
3664.jpg,contempt
3665.jpg,contempt
3666.jpg,contempt
3667.jpg,contempt
3668.jpg,contempt
3669.jpg,contempt
367.jpg,contempt
3670.jpg,contempt
3671.jpg,contempt
3672.jpg,contempt
3673.jpg,contempt
3674.jpg,contempt
3675.jpg,anger
3676.jpg,contempt
3677.jpg,contempt
3678.jpg,anger
3679.jpg,contempt
368.jpg,contempt
3680.jpg,contempt
3681.jpg,contempt
3682.jpg,contempt
3683.jpg,contempt
3684.jpg,contempt
3685.jpg,contempt
3686.jpg,contempt
3687.jpg,contempt
3688.jpg,anger
3689.jpg,contempt
369.jpg,anger
3690.jpg,contempt
3691.jpg,contempt
3692.jpg,contempt
3693.jpg,anger
3694.jpg,contempt
3695.jpg,contempt
3696.jpg,contempt
3697.jpg,contempt
3698.jpg,contempt
3699.jpg,contempt
37.jpg,contempt
370.jpg,contempt
3700.jpg,anger
3701.jpg,anger
3702.jpg,contempt
3703.jpg,contempt
3704.jpg,contempt
3705.jpg,anger
3706.jpg,anger
3707.jpg,anger
3708.jpg,contempt
3709.jpg,anger
371.jpg,contempt
3710.jpg,contempt
3711.jpg,contempt
3712.jpg,contempt
3713.jpg,anger
3714.jpg,contempt
3715.jpg,anger
3716.jpg,contempt
3717.jpg,contempt
3718.jpg,contempt
3719.jpg,contempt
372.jpg,contempt
3720.jpg,contempt
3721.jpg,anger
3722.jpg,contempt
3723.jpg,contempt
3724.jpg,contempt
3725.jpg,contempt
3726.jpg,contempt
3727.jpg,contempt
3728.jpg,contempt
3729.jpg,contempt
373.jpg,anger
3730.jpg,contempt
3731.jpg,anger
3732.jpg,contempt
3733.jpg,contempt
3734.jpg,anger
3735.jpg,contempt
3736.jpg,contempt
3737.jpg,anger
3738.jpg,contempt
3739.jpg,contempt
374.jpg,anger
3740.jpg,contempt
3741.jpg,anger
3742.jpg,contempt
3743.jpg,contempt
3744.jpg,anger
3745.jpg,anger
3746.jpg,anger
3747.jpg,anger
3748.jpg,contempt
3749.jpg,anger
375.jpg,contempt
3750.jpg,contempt
3751.jpg,contempt
3752.jpg,contempt
3753.jpg,contempt
3754.jpg,contempt
3755.jpg,contempt
3756.jpg,anger
3757.jpg,contempt
3758.jpg,contempt
3759.jpg,contempt
376.jpg,anger
3760.jpg,contempt
3761.jpg,contempt
3762.jpg,contempt
3763.jpg,contempt
3764.jpg,contempt
3765.jpg,contempt
3766.jpg,contempt
3767.jpg,contempt
3768.jpg,contempt
3769.jpg,contempt
377.jpg,contempt
3770.jpg,anger
3771.jpg,contempt
3772.jpg,anger
3773.jpg,contempt
3774.jpg,contempt
3775.jpg,anger
3776.jpg,contempt
3777.jpg,contempt
3778.jpg,anger
3779.jpg,contempt
378.jpg,contempt
3780.jpg,contempt
3781.jpg,contempt
3782.jpg,anger
3783.jpg,contempt
3784.jpg,contempt
3785.jpg,contempt
3786.jpg,contempt
3787.jpg,anger
3788.jpg,contempt
3789.jpg,contempt
379.jpg,contempt
3790.jpg,contempt
3791.jpg,anger
3792.jpg,contempt
3793.jpg,anger
3794.jpg,contempt
3795.jpg,contempt
3796.jpg,contempt
3797.jpg,anger
3798.jpg,contempt
3799.jpg,contempt
38.jpg,contempt
380.jpg,contempt
3800.jpg,contempt
3801.jpg,anger
3802.jpg,contempt
3803.jpg,contempt
3804.jpg,contempt
3805.jpg,contempt
3806.jpg,contempt
3807.jpg,contempt
3808.jpg,anger
3809.jpg,contempt
381.jpg,anger
3810.jpg,contempt
3811.jpg,contempt
3812.jpg,contempt
3813.jpg,anger
3814.jpg,anger
3815.jpg,contempt
3816.jpg,contempt
3817.jpg,contempt
3818.jpg,contempt
3819.jpg,contempt
382.jpg,anger
3820.jpg,contempt
3821.jpg,contempt
3822.jpg,anger
3823.jpg,contempt
3824.jpg,anger
3825.jpg,contempt
3826.jpg,contempt
3827.jpg,contempt
3828.jpg,contempt
3829.jpg,contempt
383.jpg,anger
3830.jpg,contempt
3831.jpg,contempt
3832.jpg,anger
3833.jpg,anger
3834.jpg,contempt
3835.jpg,contempt
3836.jpg,contempt
3837.jpg,contempt
3838.jpg,anger
3839.jpg,anger
384.jpg,contempt
3840.jpg,contempt
3841.jpg,anger
3842.jpg,contempt
3843.jpg,contempt
3844.jpg,anger
3845.jpg,contempt
3846.jpg,contempt
3847.jpg,contempt
3848.jpg,anger
3849.jpg,contempt
385.jpg,contempt
3850.jpg,contempt
3851.jpg,contempt
3852.jpg,contempt
3853.jpg,contempt
3854.jpg,anger
3855.jpg,anger
3856.jpg,contempt
3857.jpg,contempt
3858.jpg,contempt
3859.jpg,contempt
386.jpg,contempt
3860.jpg,anger
3861.jpg,anger
3862.jpg,anger
3863.jpg,contempt
3864.jpg,contempt
3865.jpg,anger
3866.jpg,contempt
3867.jpg,anger
3868.jpg,anger
3869.jpg,anger
387.jpg,anger
3870.jpg,anger
3871.jpg,contempt
3872.jpg,contempt
3873.jpg,anger
3874.jpg,contempt
3875.jpg,contempt
3876.jpg,contempt
3877.jpg,contempt
3878.jpg,contempt
3879.jpg,contempt
388.jpg,contempt
3880.jpg,anger
3881.jpg,contempt
3882.jpg,anger
3883.jpg,contempt
3884.jpg,contempt
3885.jpg,contempt
3886.jpg,contempt
3887.jpg,contempt
3888.jpg,anger
3889.jpg,anger
389.jpg,contempt
3890.jpg,contempt
3891.jpg,anger
3892.jpg,anger
3893.jpg,anger
3894.jpg,contempt
3895.jpg,contempt
3896.jpg,contempt
3897.jpg,contempt
3898.jpg,contempt
3899.jpg,anger
39.jpg,anger
390.jpg,contempt
3900.jpg,contempt
3901.jpg,anger
3902.jpg,contempt
3903.jpg,contempt
3904.jpg,anger
3905.jpg,contempt
3906.jpg,contempt
3907.jpg,contempt
3908.jpg,anger
3909.jpg,contempt
391.jpg,contempt
3910.jpg,anger
3911.jpg,contempt
3912.jpg,contempt
3913.jpg,contempt
3914.jpg,contempt
3915.jpg,contempt
3916.jpg,contempt
3917.jpg,contempt
3918.jpg,contempt
3919.jpg,contempt
392.jpg,contempt
3920.jpg,anger
3921.jpg,contempt
3922.jpg,contempt
3923.jpg,contempt
3924.jpg,contempt
3925.jpg,anger
3926.jpg,contempt
3927.jpg,anger
3928.jpg,contempt
3929.jpg,contempt
393.jpg,contempt
3930.jpg,contempt
3931.jpg,anger
3932.jpg,contempt
3933.jpg,contempt
3934.jpg,contempt
3935.jpg,contempt
3936.jpg,contempt
3937.jpg,contempt
3938.jpg,anger
3939.jpg,anger
394.jpg,contempt
3940.jpg,anger
3941.jpg,contempt
3942.jpg,contempt
3943.jpg,contempt
3944.jpg,contempt
3945.jpg,contempt
3946.jpg,contempt
3947.jpg,contempt
3948.jpg,contempt
3949.jpg,anger
395.jpg,contempt
3950.jpg,contempt
3951.jpg,contempt
3952.jpg,anger
3953.jpg,contempt
3954.jpg,contempt
3955.jpg,contempt
3956.jpg,contempt
3957.jpg,contempt
3958.jpg,anger
3959.jpg,contempt
396.jpg,contempt
3960.jpg,contempt
3961.jpg,contempt
3962.jpg,anger
3963.jpg,contempt
3964.jpg,contempt
3965.jpg,contempt
3966.jpg,anger
3967.jpg,contempt
3968.jpg,anger
3969.jpg,contempt
397.jpg,contempt
3970.jpg,contempt
3971.jpg,anger
3972.jpg,anger
3973.jpg,anger
3974.jpg,contempt
3975.jpg,contempt
3976.jpg,anger
3977.jpg,contempt
3978.jpg,contempt
3979.jpg,contempt
398.jpg,contempt
3980.jpg,contempt
3981.jpg,contempt
3982.jpg,contempt
3983.jpg,contempt
3984.jpg,contempt
3985.jpg,contempt
3986.jpg,anger
3987.jpg,anger
3988.jpg,contempt
3989.jpg,anger
399.jpg,anger
3990.jpg,anger
3991.jpg,anger
3992.jpg,contempt
3993.jpg,contempt
3994.jpg,contempt
3995.jpg,contempt
3996.jpg,anger
3997.jpg,contempt
3998.jpg,contempt
3999.jpg,contempt
4.jpg,anger
40.jpg,contempt
400.jpg,contempt
4000.jpg,contempt
4001.jpg,contempt
4002.jpg,anger
4003.jpg,contempt
4004.jpg,contempt
4005.jpg,contempt
4006.jpg,contempt
4007.jpg,contempt
4008.jpg,contempt
4009.jpg,contempt
401.jpg,contempt
4010.jpg,anger
4011.jpg,anger
4012.jpg,contempt
4013.jpg,contempt
4014.jpg,contempt
4015.jpg,anger
4016.jpg,contempt
4017.jpg,contempt
4018.jpg,contempt
4019.jpg,contempt
402.jpg,anger
4020.jpg,anger
4021.jpg,contempt
4022.jpg,anger
4023.jpg,contempt
4024.jpg,contempt
4025.jpg,anger
4026.jpg,contempt
4027.jpg,contempt
4028.jpg,anger
4029.jpg,anger
403.jpg,anger
4030.jpg,contempt
4031.jpg,contempt
4032.jpg,contempt
4033.jpg,contempt
4034.jpg,contempt
4035.jpg,contempt
4036.jpg,anger
4037.jpg,anger
4038.jpg,contempt
4039.jpg,contempt
404.jpg,contempt
4040.jpg,anger
4041.jpg,contempt
4042.jpg,contempt
4043.jpg,contempt
4044.jpg,contempt
4045.jpg,contempt
4046.jpg,anger
4047.jpg,contempt
4048.jpg,contempt
4049.jpg,contempt
405.jpg,anger
4050.jpg,anger
4051.jpg,contempt
4052.jpg,contempt
4053.jpg,contempt
4054.jpg,contempt
4055.jpg,contempt
4056.jpg,contempt
4057.jpg,contempt
4058.jpg,anger
4059.jpg,contempt
406.jpg,anger
4060.jpg,contempt
4061.jpg,contempt
4062.jpg,anger
4063.jpg,anger
4064.jpg,contempt
4065.jpg,contempt
4066.jpg,contempt
4067.jpg,contempt
4068.jpg,anger
4069.jpg,anger
407.jpg,anger
4070.jpg,contempt
4071.jpg,contempt
4072.jpg,contempt
4073.jpg,anger
4074.jpg,contempt
4075.jpg,anger
4076.jpg,contempt
4077.jpg,contempt
4078.jpg,contempt
4079.jpg,anger
408.jpg,contempt
4080.jpg,contempt
4081.jpg,contempt
4082.jpg,contempt
4083.jpg,anger
4084.jpg,anger
4085.jpg,anger
4086.jpg,contempt
4087.jpg,contempt
4088.jpg,anger
4089.jpg,anger
409.jpg,anger
4090.jpg,contempt
4091.jpg,contempt
4092.jpg,contempt
4093.jpg,contempt
4094.jpg,contempt
4095.jpg,contempt
4096.jpg,anger
4097.jpg,contempt
4098.jpg,anger
4099.jpg,contempt
41.jpg,contempt
410.jpg,contempt
4100.jpg,anger
4101.jpg,contempt
4102.jpg,contempt
4103.jpg,contempt
4104.jpg,anger
4105.jpg,contempt
4106.jpg,contempt
4107.jpg,contempt
4108.jpg,contempt
4109.jpg,contempt
411.jpg,contempt
4110.jpg,contempt
4111.jpg,anger
4112.jpg,contempt
4113.jpg,contempt
4114.jpg,contempt
4115.jpg,anger
4116.jpg,anger
4117.jpg,contempt
4118.jpg,anger
4119.jpg,anger
412.jpg,contempt
4120.jpg,anger
4121.jpg,contempt
4122.jpg,contempt
4123.jpg,anger
4124.jpg,anger
4125.jpg,contempt
4126.jpg,contempt
4127.jpg,contempt
4128.jpg,anger
4129.jpg,contempt
413.jpg,anger
4130.jpg,anger
4131.jpg,anger
4132.jpg,contempt
4133.jpg,contempt
4134.jpg,contempt
4135.jpg,anger
4136.jpg,anger
4137.jpg,contempt
4138.jpg,anger
4139.jpg,contempt
414.jpg,contempt
4140.jpg,anger
4141.jpg,anger
4142.jpg,contempt
4143.jpg,contempt
4144.jpg,contempt
4145.jpg,contempt
4146.jpg,contempt
4147.jpg,anger
4148.jpg,contempt
4149.jpg,anger
415.jpg,contempt
4150.jpg,contempt
4151.jpg,contempt
4152.jpg,anger
4153.jpg,contempt
4154.jpg,contempt
4155.jpg,anger
4156.jpg,anger
4157.jpg,anger
4158.jpg,contempt
4159.jpg,contempt
416.jpg,contempt
4160.jpg,contempt
4161.jpg,anger
4162.jpg,contempt
4163.jpg,anger
4164.jpg,contempt
4165.jpg,contempt
4166.jpg,contempt
4167.jpg,contempt
4168.jpg,contempt
4169.jpg,contempt
417.jpg,contempt
4170.jpg,anger
4171.jpg,anger
4172.jpg,anger
4173.jpg,anger
4174.jpg,anger
4175.jpg,contempt
4176.jpg,contempt
4177.jpg,contempt
4178.jpg,contempt
4179.jpg,anger
418.jpg,contempt
4180.jpg,contempt
4181.jpg,anger
4182.jpg,anger
4183.jpg,contempt
4184.jpg,anger
4185.jpg,anger
4186.jpg,anger
4187.jpg,anger
4188.jpg,anger
4189.jpg,anger
419.jpg,contempt
4190.jpg,anger
4191.jpg,anger
4192.jpg,anger
4193.jpg,contempt
4194.jpg,contempt
4195.jpg,contempt
4196.jpg,contempt
4197.jpg,anger
4198.jpg,contempt
4199.jpg,contempt
42.jpg,contempt
420.jpg,contempt
4200.jpg,contempt
4201.jpg,anger
4202.jpg,contempt
4203.jpg,contempt
4204.jpg,contempt
4205.jpg,contempt
4206.jpg,contempt
4207.jpg,anger
4208.jpg,contempt
4209.jpg,contempt
421.jpg,contempt
4210.jpg,contempt
4211.jpg,anger
4212.jpg,contempt
4213.jpg,contempt
4214.jpg,anger
4215.jpg,contempt
4216.jpg,contempt
4217.jpg,contempt
4218.jpg,contempt
4219.jpg,contempt
422.jpg,anger
4220.jpg,anger
4221.jpg,contempt
4222.jpg,contempt
4223.jpg,contempt
4224.jpg,contempt
4225.jpg,anger
4226.jpg,anger
4227.jpg,contempt
4228.jpg,contempt
4229.jpg,contempt
423.jpg,contempt
4230.jpg,anger
4231.jpg,anger
4232.jpg,anger
4233.jpg,anger
4234.jpg,anger
4235.jpg,contempt
4236.jpg,contempt
4237.jpg,contempt
4238.jpg,anger
4239.jpg,anger
424.jpg,anger
4240.jpg,anger
4241.jpg,contempt
4242.jpg,contempt
4243.jpg,contempt
4244.jpg,contempt
4245.jpg,contempt
4246.jpg,anger
4247.jpg,anger
4248.jpg,contempt
4249.jpg,contempt
425.jpg,contempt
4250.jpg,contempt
4251.jpg,contempt
4252.jpg,contempt
4253.jpg,anger
4254.jpg,contempt
4255.jpg,anger
4256.jpg,contempt
4257.jpg,anger
4258.jpg,contempt
4259.jpg,anger
426.jpg,contempt
4260.jpg,anger
4261.jpg,anger
4262.jpg,contempt
4263.jpg,contempt
4264.jpg,contempt
4265.jpg,contempt
4266.jpg,contempt
4267.jpg,anger
4268.jpg,anger
4269.jpg,contempt
427.jpg,contempt
4270.jpg,contempt
4271.jpg,contempt
4272.jpg,contempt
4273.jpg,anger
4274.jpg,anger
4275.jpg,anger
4276.jpg,contempt
4277.jpg,contempt
4278.jpg,contempt
4279.jpg,anger
428.jpg,contempt
4280.jpg,contempt
4281.jpg,anger
4282.jpg,contempt
4283.jpg,contempt
4284.jpg,anger
4285.jpg,anger
4286.jpg,anger
4287.jpg,contempt
4288.jpg,contempt
4289.jpg,contempt
429.jpg,contempt
4290.jpg,anger
4291.jpg,contempt
4292.jpg,contempt
4293.jpg,contempt
4294.jpg,anger
4295.jpg,contempt
4296.jpg,contempt
4297.jpg,anger
4298.jpg,contempt
4299.jpg,contempt
43.jpg,anger
430.jpg,contempt
4300.jpg,contempt
4301.jpg,contempt
4302.jpg,contempt
4303.jpg,anger
4304.jpg,contempt
4305.jpg,contempt
4306.jpg,anger
4307.jpg,anger
4308.jpg,contempt
4309.jpg,anger
431.jpg,anger
4310.jpg,contempt
4311.jpg,contempt
4312.jpg,contempt
4313.jpg,contempt
4314.jpg,anger
4315.jpg,anger
4316.jpg,contempt
4317.jpg,contempt
4318.jpg,anger
4319.jpg,contempt
432.jpg,anger
4320.jpg,contempt
4321.jpg,anger
4322.jpg,anger
4323.jpg,contempt
4324.jpg,anger
4325.jpg,contempt
4326.jpg,anger
4327.jpg,anger
4328.jpg,contempt
4329.jpg,anger
433.jpg,anger
4330.jpg,contempt
4331.jpg,anger
4332.jpg,anger
4333.jpg,contempt
4334.jpg,contempt
4335.jpg,contempt
4336.jpg,contempt
4337.jpg,contempt
4338.jpg,contempt
4339.jpg,contempt
434.jpg,anger
4340.jpg,contempt
4341.jpg,contempt
4342.jpg,anger
4343.jpg,contempt
4344.jpg,contempt
4345.jpg,anger
4346.jpg,anger
4347.jpg,contempt
4348.jpg,contempt
4349.jpg,contempt
435.jpg,contempt
4350.jpg,anger
4351.jpg,anger
4352.jpg,contempt
4353.jpg,contempt
4354.jpg,contempt
4355.jpg,contempt
4356.jpg,contempt
4357.jpg,anger
4358.jpg,anger
4359.jpg,contempt
436.jpg,contempt
4360.jpg,contempt
4361.jpg,anger
4362.jpg,contempt
4363.jpg,contempt
4364.jpg,contempt
4365.jpg,anger
4366.jpg,anger
4367.jpg,contempt
4368.jpg,anger
4369.jpg,anger
437.jpg,contempt
4370.jpg,anger
4371.jpg,contempt
4372.jpg,anger
4373.jpg,contempt
4374.jpg,contempt
4375.jpg,contempt
4376.jpg,anger
4377.jpg,anger
4378.jpg,contempt
4379.jpg,contempt
438.jpg,contempt
4380.jpg,contempt
4381.jpg,anger
4382.jpg,contempt
4383.jpg,contempt
4384.jpg,contempt
4385.jpg,anger
4386.jpg,contempt
4387.jpg,contempt
4388.jpg,contempt
4389.jpg,contempt
439.jpg,contempt
4390.jpg,anger
4391.jpg,contempt
4392.jpg,contempt
4393.jpg,contempt
4394.jpg,contempt
4395.jpg,contempt
4396.jpg,anger
4397.jpg,contempt
4398.jpg,contempt
4399.jpg,anger
44.jpg,contempt
440.jpg,anger
4400.jpg,contempt
4401.jpg,anger
4402.jpg,contempt
4403.jpg,contempt
4404.jpg,contempt
4405.jpg,anger
4406.jpg,contempt
4407.jpg,anger
4408.jpg,anger
4409.jpg,contempt
441.jpg,contempt
4410.jpg,contempt
4411.jpg,contempt
4412.jpg,contempt
4413.jpg,contempt
4414.jpg,contempt
4415.jpg,anger
4416.jpg,contempt
4417.jpg,contempt
4418.jpg,anger
4419.jpg,anger
442.jpg,contempt
4420.jpg,contempt
4421.jpg,contempt
4422.jpg,contempt
4423.jpg,contempt
4424.jpg,anger
4425.jpg,contempt
4426.jpg,contempt
4427.jpg,contempt
4428.jpg,contempt
4429.jpg,contempt
443.jpg,contempt
4430.jpg,contempt
4431.jpg,contempt
4432.jpg,anger
4433.jpg,anger
4434.jpg,contempt
4435.jpg,contempt
4436.jpg,contempt
4437.jpg,anger
4438.jpg,contempt
4439.jpg,contempt
444.jpg,contempt
4440.jpg,contempt
4441.jpg,contempt
4442.jpg,anger
4443.jpg,contempt
4444.jpg,anger
4445.jpg,anger
4446.jpg,contempt
4447.jpg,contempt
4448.jpg,contempt
4449.jpg,contempt
445.jpg,contempt
4450.jpg,anger
4451.jpg,contempt
4452.jpg,contempt
4453.jpg,contempt
4454.jpg,anger
4455.jpg,contempt
4456.jpg,contempt
4457.jpg,contempt
4458.jpg,contempt
4459.jpg,contempt
446.jpg,contempt
4460.jpg,anger
4461.jpg,anger
4462.jpg,contempt
4463.jpg,contempt
4464.jpg,contempt
4465.jpg,contempt
4466.jpg,contempt
4467.jpg,contempt
4468.jpg,anger
4469.jpg,contempt
447.jpg,anger
4470.jpg,anger
4471.jpg,contempt
4472.jpg,anger
4473.jpg,anger
4474.jpg,contempt
4475.jpg,contempt
4476.jpg,contempt
4477.jpg,contempt
4478.jpg,contempt
4479.jpg,contempt
448.jpg,contempt
4480.jpg,contempt
4481.jpg,contempt
4482.jpg,contempt
4483.jpg,anger
4484.jpg,contempt
4485.jpg,contempt
4486.jpg,contempt
4487.jpg,contempt
4488.jpg,anger
4489.jpg,contempt
449.jpg,contempt
4490.jpg,contempt
4491.jpg,contempt
4492.jpg,contempt
4493.jpg,contempt
4494.jpg,anger
4495.jpg,anger
4496.jpg,anger
4497.jpg,anger
4498.jpg,contempt
4499.jpg,anger
45.jpg,contempt
450.jpg,anger
4500.jpg,contempt
4501.jpg,contempt
4502.jpg,contempt
4503.jpg,contempt
4504.jpg,contempt
4505.jpg,contempt
4506.jpg,contempt
4507.jpg,contempt
4508.jpg,contempt
4509.jpg,contempt
451.jpg,contempt
4510.jpg,contempt
4511.jpg,anger
4512.jpg,anger
4513.jpg,anger
4514.jpg,contempt
4515.jpg,anger
4516.jpg,anger
4517.jpg,anger
4518.jpg,contempt
4519.jpg,anger
452.jpg,contempt
4520.jpg,contempt
4521.jpg,contempt
4522.jpg,anger
4523.jpg,contempt
4524.jpg,contempt
4525.jpg,contempt
4526.jpg,contempt
4527.jpg,anger
4528.jpg,contempt
4529.jpg,contempt
453.jpg,contempt
4530.jpg,anger
4531.jpg,contempt
4532.jpg,contempt
4533.jpg,contempt
4534.jpg,anger
4535.jpg,contempt
4536.jpg,contempt
4537.jpg,contempt
4538.jpg,contempt
4539.jpg,anger
454.jpg,contempt
4540.jpg,contempt
4541.jpg,contempt
4542.jpg,anger
4543.jpg,contempt
4544.jpg,anger
4545.jpg,contempt
4546.jpg,contempt
4547.jpg,anger
4548.jpg,contempt
4549.jpg,contempt
455.jpg,contempt
4550.jpg,contempt
4551.jpg,contempt
4552.jpg,anger
4553.jpg,contempt
4554.jpg,contempt
4555.jpg,contempt
4556.jpg,contempt
4557.jpg,contempt
4558.jpg,anger
4559.jpg,anger
456.jpg,anger
4560.jpg,contempt
4561.jpg,contempt
4562.jpg,anger
4563.jpg,anger
4564.jpg,anger
4565.jpg,contempt
4566.jpg,anger
4567.jpg,contempt
4568.jpg,anger
4569.jpg,contempt
457.jpg,contempt
4570.jpg,contempt
4571.jpg,anger
4572.jpg,contempt
4573.jpg,contempt
4574.jpg,anger
4575.jpg,contempt
4576.jpg,contempt
4577.jpg,anger
4578.jpg,anger
4579.jpg,contempt
458.jpg,contempt
4580.jpg,contempt
4581.jpg,contempt
4582.jpg,contempt
4583.jpg,contempt
4584.jpg,contempt
4585.jpg,contempt
4586.jpg,anger
4587.jpg,contempt
4588.jpg,contempt
4589.jpg,contempt
459.jpg,contempt
4590.jpg,contempt
4591.jpg,contempt
4592.jpg,contempt
4593.jpg,contempt
4594.jpg,anger
4595.jpg,contempt
4596.jpg,contempt
4597.jpg,anger
4598.jpg,anger
4599.jpg,contempt
46.jpg,contempt
460.jpg,anger
4600.jpg,contempt
4601.jpg,contempt
4602.jpg,contempt
4603.jpg,anger
4604.jpg,contempt
4605.jpg,anger
4606.jpg,contempt
4607.jpg,anger
4608.jpg,contempt
4609.jpg,contempt
461.jpg,contempt
4610.jpg,contempt
4611.jpg,contempt
4612.jpg,contempt
4613.jpg,contempt
4614.jpg,contempt
4615.jpg,contempt
4616.jpg,anger
4617.jpg,contempt
4618.jpg,anger
4619.jpg,contempt
462.jpg,contempt
4620.jpg,contempt
4621.jpg,anger
4622.jpg,contempt
4623.jpg,contempt
4624.jpg,contempt
4625.jpg,contempt
4626.jpg,contempt
4627.jpg,contempt
4628.jpg,anger
4629.jpg,contempt
463.jpg,contempt
4630.jpg,contempt
4631.jpg,contempt
4632.jpg,anger
4633.jpg,contempt
4634.jpg,contempt
4635.jpg,contempt
4636.jpg,contempt
4637.jpg,contempt
4638.jpg,anger
4639.jpg,anger
464.jpg,contempt
4640.jpg,contempt
4641.jpg,anger
4642.jpg,contempt
4643.jpg,contempt
4644.jpg,contempt
4645.jpg,contempt
4646.jpg,contempt
4647.jpg,anger
4648.jpg,anger
4649.jpg,contempt
465.jpg,contempt
4650.jpg,contempt
4651.jpg,contempt
4652.jpg,contempt
4653.jpg,contempt
4654.jpg,anger
4655.jpg,contempt
4656.jpg,contempt
4657.jpg,contempt
4658.jpg,contempt
4659.jpg,contempt
466.jpg,anger
4660.jpg,contempt
4661.jpg,contempt
4662.jpg,contempt
4663.jpg,anger
4664.jpg,contempt
4665.jpg,contempt
4666.jpg,contempt
4667.jpg,contempt
4668.jpg,contempt
4669.jpg,contempt
467.jpg,anger
4670.jpg,anger
4671.jpg,contempt
4672.jpg,contempt
4673.jpg,anger
4674.jpg,contempt
4675.jpg,contempt
4676.jpg,anger
4677.jpg,anger
4678.jpg,contempt
4679.jpg,contempt
468.jpg,anger
4680.jpg,contempt
4681.jpg,contempt
4682.jpg,contempt
4683.jpg,anger
4684.jpg,anger
4685.jpg,contempt
4686.jpg,contempt
4687.jpg,contempt
4688.jpg,anger
4689.jpg,contempt
469.jpg,contempt
4690.jpg,contempt
4691.jpg,contempt
4692.jpg,contempt
4693.jpg,contempt
4694.jpg,contempt
4695.jpg,contempt
4696.jpg,anger
4697.jpg,contempt
4698.jpg,contempt
4699.jpg,anger
47.jpg,contempt
470.jpg,contempt
4700.jpg,contempt
4701.jpg,contempt
4702.jpg,anger
4703.jpg,contempt
4704.jpg,anger
4705.jpg,contempt
4706.jpg,contempt
4707.jpg,anger
4708.jpg,anger
4709.jpg,anger
471.jpg,contempt
4710.jpg,contempt
4711.jpg,contempt
4712.jpg,anger
4713.jpg,anger
4714.jpg,contempt
4715.jpg,contempt
4716.jpg,contempt
4717.jpg,contempt
4718.jpg,contempt
4719.jpg,contempt
472.jpg,contempt
4720.jpg,contempt
4721.jpg,anger
4722.jpg,anger
4723.jpg,contempt
4724.jpg,contempt
4725.jpg,contempt
4726.jpg,contempt
4727.jpg,contempt
4728.jpg,contempt
4729.jpg,anger
473.jpg,contempt
4730.jpg,contempt
4731.jpg,contempt
4732.jpg,contempt
4733.jpg,anger
4734.jpg,contempt
4735.jpg,contempt
4736.jpg,contempt
4737.jpg,contempt
4738.jpg,contempt
4739.jpg,contempt
474.jpg,contempt
4740.jpg,contempt
4741.jpg,contempt
4742.jpg,contempt
4743.jpg,contempt
4744.jpg,contempt
4745.jpg,contempt
4746.jpg,anger
4747.jpg,contempt
4748.jpg,contempt
4749.jpg,contempt
475.jpg,contempt
4750.jpg,contempt
4751.jpg,anger
4752.jpg,contempt
4753.jpg,contempt
4754.jpg,contempt
4755.jpg,anger
4756.jpg,contempt
4757.jpg,contempt
4758.jpg,contempt
4759.jpg,contempt
476.jpg,anger
4760.jpg,contempt
4761.jpg,contempt
4762.jpg,anger
4763.jpg,contempt
4764.jpg,contempt
4765.jpg,contempt
4766.jpg,contempt
4767.jpg,anger
4768.jpg,contempt
4769.jpg,contempt
477.jpg,contempt
4770.jpg,contempt
4771.jpg,contempt
4772.jpg,anger
4773.jpg,contempt
4774.jpg,anger
4775.jpg,contempt
4776.jpg,contempt
4777.jpg,contempt
4778.jpg,anger
4779.jpg,contempt
478.jpg,contempt
4780.jpg,contempt
4781.jpg,anger
4782.jpg,contempt
4783.jpg,contempt
4784.jpg,contempt
4785.jpg,contempt
4786.jpg,anger
4787.jpg,contempt
4788.jpg,contempt
4789.jpg,anger
479.jpg,contempt
4790.jpg,contempt
4791.jpg,anger
4792.jpg,contempt
4793.jpg,contempt
4794.jpg,contempt
4795.jpg,contempt
4796.jpg,anger
4797.jpg,contempt
4798.jpg,contempt
4799.jpg,contempt
48.jpg,contempt
480.jpg,contempt
4800.jpg,contempt
4801.jpg,anger
4802.jpg,contempt
4803.jpg,contempt
4804.jpg,contempt
4805.jpg,anger
4806.jpg,contempt
4807.jpg,contempt
4808.jpg,contempt
4809.jpg,contempt
481.jpg,contempt
4810.jpg,contempt
4811.jpg,contempt
4812.jpg,contempt
4813.jpg,contempt
4814.jpg,contempt
4815.jpg,contempt
4816.jpg,anger
4817.jpg,anger
4818.jpg,anger
4819.jpg,anger
482.jpg,contempt
4820.jpg,anger
4821.jpg,contempt
4822.jpg,anger
4823.jpg,contempt
4824.jpg,contempt
4825.jpg,anger
4826.jpg,contempt
4827.jpg,contempt
4828.jpg,contempt
4829.jpg,contempt
483.jpg,contempt
4830.jpg,contempt
4831.jpg,contempt
4832.jpg,contempt
4833.jpg,anger
4834.jpg,contempt
4835.jpg,anger
4836.jpg,contempt
4837.jpg,anger
4838.jpg,contempt
4839.jpg,anger
484.jpg,contempt
4840.jpg,contempt
4841.jpg,anger
4842.jpg,contempt
4843.jpg,contempt
4844.jpg,contempt
4845.jpg,anger
4846.jpg,contempt
4847.jpg,anger
4848.jpg,contempt
4849.jpg,contempt
485.jpg,anger
4850.jpg,contempt
4851.jpg,anger
4852.jpg,contempt
4853.jpg,contempt
4854.jpg,contempt
4855.jpg,contempt
4856.jpg,contempt
4857.jpg,contempt
4858.jpg,contempt
4859.jpg,anger
486.jpg,contempt
4860.jpg,contempt
4861.jpg,contempt
4862.jpg,contempt
4863.jpg,contempt
4864.jpg,anger
4865.jpg,contempt
4866.jpg,contempt
4867.jpg,contempt
4868.jpg,contempt
4869.jpg,anger
487.jpg,contempt
4870.jpg,contempt
4871.jpg,contempt
4872.jpg,contempt
4873.jpg,contempt
4874.jpg,contempt
4875.jpg,contempt
4876.jpg,contempt
4877.jpg,contempt
4878.jpg,contempt
4879.jpg,contempt
488.jpg,anger
4880.jpg,contempt
4881.jpg,contempt
4882.jpg,contempt
4883.jpg,anger
4884.jpg,anger
4885.jpg,contempt
4886.jpg,contempt
4887.jpg,contempt
4888.jpg,anger
4889.jpg,contempt
489.jpg,contempt
4890.jpg,anger
4891.jpg,contempt
4892.jpg,contempt
4893.jpg,anger
4894.jpg,contempt
4895.jpg,contempt
4896.jpg,contempt
4897.jpg,anger
4898.jpg,contempt
4899.jpg,contempt
49.jpg,anger
490.jpg,contempt
4900.jpg,anger
4901.jpg,contempt
4902.jpg,contempt
4903.jpg,contempt
4904.jpg,contempt
4905.jpg,contempt
4906.jpg,contempt
4907.jpg,contempt
4908.jpg,anger
4909.jpg,contempt
491.jpg,contempt
4910.jpg,contempt
4911.jpg,contempt
4912.jpg,anger
4913.jpg,contempt
4914.jpg,anger
4915.jpg,contempt
4916.jpg,contempt
4917.jpg,contempt
4918.jpg,anger
4919.jpg,contempt
492.jpg,anger
4920.jpg,anger
4921.jpg,contempt
4922.jpg,contempt
4923.jpg,contempt
4924.jpg,contempt
4925.jpg,anger
4926.jpg,contempt
4927.jpg,anger
4928.jpg,contempt
4929.jpg,contempt
493.jpg,contempt
4930.jpg,anger
4931.jpg,contempt
4932.jpg,anger
4933.jpg,anger
4934.jpg,contempt
4935.jpg,contempt
4936.jpg,contempt
4937.jpg,contempt
4938.jpg,contempt
4939.jpg,anger
494.jpg,contempt
4940.jpg,contempt
4941.jpg,anger
4942.jpg,anger
4943.jpg,contempt
4944.jpg,contempt
4945.jpg,contempt
4946.jpg,anger
4947.jpg,contempt
4948.jpg,contempt
4949.jpg,contempt
495.jpg,contempt
4950.jpg,anger
4951.jpg,contempt
4952.jpg,contempt
4953.jpg,contempt
4954.jpg,contempt
4955.jpg,anger
4956.jpg,contempt
4957.jpg,contempt
4958.jpg,anger
4959.jpg,anger
496.jpg,contempt
4960.jpg,contempt
4961.jpg,contempt
4962.jpg,contempt
4963.jpg,anger
4964.jpg,contempt
4965.jpg,contempt
4966.jpg,contempt
4967.jpg,contempt
4968.jpg,contempt
4969.jpg,anger
497.jpg,contempt
4970.jpg,contempt
4971.jpg,anger
4972.jpg,contempt
4973.jpg,contempt
4974.jpg,anger
4975.jpg,contempt
4976.jpg,contempt
4977.jpg,anger
4978.jpg,contempt
4979.jpg,contempt
498.jpg,contempt
4980.jpg,contempt
4981.jpg,contempt
4982.jpg,contempt
4983.jpg,contempt
4984.jpg,contempt
4985.jpg,anger
4986.jpg,contempt
4987.jpg,contempt
4988.jpg,anger
4989.jpg,anger
499.jpg,contempt
4990.jpg,contempt
4991.jpg,contempt
4992.jpg,contempt
4993.jpg,contempt
4994.jpg,contempt
4995.jpg,contempt
4996.jpg,contempt
4997.jpg,anger
4998.jpg,contempt
4999.jpg,anger
5.jpg,contempt
50.jpg,contempt
500.jpg,contempt
501.jpg,contempt
502.jpg,contempt
503.jpg,contempt
504.jpg,contempt
505.jpg,anger
506.jpg,contempt
507.jpg,contempt
508.jpg,contempt
509.jpg,contempt
51.jpg,contempt
510.jpg,contempt
511.jpg,anger
512.jpg,anger
513.jpg,contempt
514.jpg,contempt
515.jpg,contempt
516.jpg,contempt
517.jpg,contempt
518.jpg,contempt
519.jpg,contempt
52.jpg,contempt
520.jpg,anger
521.jpg,contempt
522.jpg,contempt
523.jpg,contempt
524.jpg,anger
525.jpg,contempt
526.jpg,contempt
527.jpg,contempt
528.jpg,contempt
529.jpg,contempt
53.jpg,contempt
530.jpg,contempt
531.jpg,anger
532.jpg,contempt
533.jpg,contempt
534.jpg,contempt
535.jpg,contempt
536.jpg,contempt
537.jpg,contempt
538.jpg,contempt
539.jpg,contempt
54.jpg,anger
540.jpg,contempt
541.jpg,contempt
542.jpg,contempt
543.jpg,contempt
544.jpg,contempt
545.jpg,contempt
546.jpg,contempt
547.jpg,contempt
548.jpg,contempt
549.jpg,contempt
55.jpg,anger
550.jpg,contempt
551.jpg,anger
552.jpg,anger
553.jpg,contempt
554.jpg,contempt
555.jpg,contempt
556.jpg,anger
557.jpg,anger
558.jpg,contempt
559.jpg,contempt
56.jpg,contempt
560.jpg,contempt
561.jpg,contempt
562.jpg,contempt
563.jpg,anger
564.jpg,contempt
565.jpg,contempt
566.jpg,contempt
567.jpg,anger
568.jpg,contempt
569.jpg,contempt
57.jpg,contempt
570.jpg,contempt
571.jpg,contempt
572.jpg,contempt
573.jpg,anger
574.jpg,anger
575.jpg,anger
576.jpg,anger
577.jpg,anger
578.jpg,contempt
579.jpg,contempt
58.jpg,anger
580.jpg,contempt
581.jpg,contempt
582.jpg,anger
583.jpg,contempt
584.jpg,contempt
585.jpg,contempt
586.jpg,contempt
587.jpg,anger
588.jpg,anger
589.jpg,contempt
59.jpg,contempt
590.jpg,contempt
591.jpg,contempt
592.jpg,anger
593.jpg,contempt
594.jpg,anger
595.jpg,anger
596.jpg,contempt
597.jpg,anger
598.jpg,contempt
599.jpg,anger
6.jpg,contempt
60.jpg,anger
600.jpg,contempt
601.jpg,contempt
602.jpg,contempt
603.jpg,contempt
604.jpg,contempt
605.jpg,contempt
606.jpg,contempt
607.jpg,contempt
608.jpg,contempt
609.jpg,contempt
61.jpg,anger
610.jpg,contempt
611.jpg,contempt
612.jpg,contempt
613.jpg,contempt
614.jpg,contempt
615.jpg,anger
616.jpg,contempt
617.jpg,contempt
618.jpg,contempt
619.jpg,anger
62.jpg,contempt
620.jpg,contempt
621.jpg,contempt
622.jpg,contempt
623.jpg,contempt
624.jpg,contempt
625.jpg,contempt
626.jpg,contempt
627.jpg,contempt
628.jpg,contempt
629.jpg,contempt
63.jpg,contempt
630.jpg,contempt
631.jpg,contempt
632.jpg,contempt
633.jpg,contempt
634.jpg,anger
635.jpg,contempt
636.jpg,contempt
637.jpg,contempt
638.jpg,contempt
639.jpg,contempt
64.jpg,contempt
640.jpg,contempt
641.jpg,contempt
642.jpg,contempt
643.jpg,anger
644.jpg,contempt
645.jpg,contempt
646.jpg,anger
647.jpg,contempt
648.jpg,anger
649.jpg,anger
65.jpg,contempt
650.jpg,contempt
651.jpg,contempt
652.jpg,contempt
653.jpg,anger
654.jpg,contempt
655.jpg,contempt
656.jpg,anger
657.jpg,contempt
658.jpg,contempt
659.jpg,anger
66.jpg,contempt
660.jpg,anger
661.jpg,contempt
662.jpg,contempt
663.jpg,contempt
664.jpg,anger
665.jpg,contempt
666.jpg,contempt
667.jpg,contempt
668.jpg,anger
669.jpg,contempt
67.jpg,anger
670.jpg,anger
671.jpg,anger
672.jpg,contempt
673.jpg,anger
674.jpg,contempt
675.jpg,contempt
676.jpg,contempt
677.jpg,contempt
678.jpg,contempt
679.jpg,contempt
68.jpg,anger
680.jpg,contempt
681.jpg,contempt
682.jpg,anger
683.jpg,contempt
684.jpg,contempt
685.jpg,contempt
686.jpg,contempt
687.jpg,contempt
688.jpg,contempt
689.jpg,contempt
69.jpg,anger
690.jpg,contempt
691.jpg,contempt
692.jpg,contempt
693.jpg,contempt
694.jpg,anger
695.jpg,anger
696.jpg,anger
697.jpg,contempt
698.jpg,anger
699.jpg,contempt
7.jpg,anger
70.jpg,contempt
700.jpg,contempt
701.jpg,contempt
702.jpg,anger
703.jpg,anger
704.jpg,anger
705.jpg,contempt
706.jpg,contempt
707.jpg,contempt
708.jpg,contempt
709.jpg,anger
71.jpg,contempt
710.jpg,contempt
711.jpg,contempt
712.jpg,contempt
713.jpg,contempt
714.jpg,contempt
715.jpg,anger
716.jpg,contempt
717.jpg,contempt
718.jpg,contempt
719.jpg,anger
72.jpg,contempt
720.jpg,contempt
721.jpg,contempt
722.jpg,contempt
723.jpg,contempt
724.jpg,contempt
725.jpg,anger
726.jpg,anger
727.jpg,anger
728.jpg,contempt
729.jpg,contempt
73.jpg,anger
730.jpg,anger
731.jpg,contempt
732.jpg,contempt
733.jpg,contempt
734.jpg,anger
735.jpg,contempt
736.jpg,contempt
737.jpg,contempt
738.jpg,anger
739.jpg,contempt
74.jpg,anger
740.jpg,contempt
741.jpg,contempt
742.jpg,anger
743.jpg,anger
744.jpg,contempt
745.jpg,contempt
746.jpg,anger
747.jpg,contempt
748.jpg,contempt
749.jpg,contempt
75.jpg,anger
750.jpg,anger
751.jpg,contempt
752.jpg,contempt
753.jpg,contempt
754.jpg,contempt
755.jpg,contempt
756.jpg,anger
757.jpg,contempt
758.jpg,contempt
759.jpg,contempt
76.jpg,contempt
760.jpg,contempt
761.jpg,anger
762.jpg,contempt
763.jpg,contempt
764.jpg,contempt
765.jpg,anger
766.jpg,contempt
767.jpg,contempt
768.jpg,contempt
769.jpg,anger
77.jpg,anger
770.jpg,anger
771.jpg,contempt
772.jpg,anger
773.jpg,contempt
774.jpg,contempt
775.jpg,contempt
776.jpg,contempt
777.jpg,contempt
778.jpg,contempt
779.jpg,contempt
78.jpg,anger
780.jpg,contempt
781.jpg,anger
782.jpg,anger
783.jpg,contempt
784.jpg,contempt
785.jpg,anger
786.jpg,contempt
787.jpg,anger
788.jpg,contempt
789.jpg,contempt
79.jpg,contempt
790.jpg,contempt
791.jpg,contempt
792.jpg,contempt
793.jpg,contempt
794.jpg,contempt
795.jpg,anger
796.jpg,contempt
797.jpg,contempt
798.jpg,anger
799.jpg,contempt
8.jpg,anger
80.jpg,contempt
800.jpg,contempt
801.jpg,contempt
802.jpg,contempt
803.jpg,contempt
804.jpg,anger
805.jpg,contempt
806.jpg,contempt
807.jpg,contempt
808.jpg,contempt
809.jpg,contempt
81.jpg,contempt
810.jpg,contempt
811.jpg,contempt
812.jpg,contempt
813.jpg,contempt
814.jpg,contempt
815.jpg,contempt
816.jpg,anger
817.jpg,contempt
818.jpg,contempt
819.jpg,anger
82.jpg,contempt
820.jpg,contempt
821.jpg,anger
822.jpg,anger
823.jpg,contempt
824.jpg,contempt
825.jpg,contempt
826.jpg,anger
827.jpg,contempt
828.jpg,contempt
829.jpg,contempt
83.jpg,contempt
830.jpg,contempt
831.jpg,anger
832.jpg,contempt
833.jpg,contempt
834.jpg,contempt
835.jpg,anger
836.jpg,contempt
837.jpg,contempt
838.jpg,anger
839.jpg,contempt
84.jpg,contempt
840.jpg,contempt
841.jpg,contempt
842.jpg,contempt
843.jpg,anger
844.jpg,contempt
845.jpg,contempt
846.jpg,anger
847.jpg,anger
848.jpg,anger
849.jpg,anger
85.jpg,contempt
850.jpg,contempt
851.jpg,anger
852.jpg,anger
853.jpg,contempt
854.jpg,contempt
855.jpg,contempt
856.jpg,contempt
857.jpg,contempt
858.jpg,contempt
859.jpg,contempt
86.jpg,anger
860.jpg,anger
861.jpg,contempt
862.jpg,contempt
863.jpg,anger
864.jpg,contempt
865.jpg,anger
866.jpg,anger
867.jpg,contempt
868.jpg,contempt
869.jpg,anger
87.jpg,contempt
870.jpg,anger
871.jpg,contempt
872.jpg,contempt
873.jpg,contempt
874.jpg,contempt
875.jpg,anger
876.jpg,contempt
877.jpg,contempt
878.jpg,contempt
879.jpg,contempt
88.jpg,contempt
880.jpg,contempt
881.jpg,contempt
882.jpg,contempt
883.jpg,contempt
884.jpg,contempt
885.jpg,contempt
886.jpg,contempt
887.jpg,contempt
888.jpg,contempt
889.jpg,contempt
89.jpg,contempt
890.jpg,contempt
891.jpg,contempt
892.jpg,contempt
893.jpg,anger
894.jpg,anger
895.jpg,contempt
896.jpg,anger
897.jpg,contempt
898.jpg,contempt
899.jpg,anger
9.jpg,anger
90.jpg,anger
900.jpg,anger
901.jpg,contempt
902.jpg,contempt
903.jpg,contempt
904.jpg,anger
905.jpg,anger
906.jpg,contempt
907.jpg,contempt
908.jpg,contempt
909.jpg,contempt
91.jpg,contempt
910.jpg,contempt
911.jpg,contempt
912.jpg,anger
913.jpg,anger
914.jpg,contempt
915.jpg,contempt
916.jpg,contempt
917.jpg,anger
918.jpg,contempt
919.jpg,contempt
92.jpg,contempt
920.jpg,contempt
921.jpg,contempt
922.jpg,contempt
923.jpg,contempt
924.jpg,contempt
925.jpg,contempt
926.jpg,contempt
927.jpg,contempt
928.jpg,anger
929.jpg,contempt
93.jpg,contempt
930.jpg,contempt
931.jpg,contempt
932.jpg,contempt
933.jpg,anger
934.jpg,contempt
935.jpg,contempt
936.jpg,contempt
937.jpg,contempt
938.jpg,contempt
939.jpg,contempt
94.jpg,contempt
940.jpg,contempt
941.jpg,contempt
942.jpg,contempt
943.jpg,contempt
944.jpg,contempt
945.jpg,contempt
946.jpg,contempt
947.jpg,anger
948.jpg,contempt
949.jpg,anger
95.jpg,contempt
950.jpg,contempt
951.jpg,contempt
952.jpg,anger
953.jpg,contempt
954.jpg,contempt
955.jpg,contempt
956.jpg,contempt
957.jpg,contempt
958.jpg,contempt
959.jpg,contempt
96.jpg,contempt
960.jpg,contempt
961.jpg,anger
962.jpg,anger
963.jpg,contempt
964.jpg,contempt
965.jpg,contempt
966.jpg,contempt
967.jpg,contempt
968.jpg,anger
969.jpg,contempt
97.jpg,contempt
970.jpg,contempt
971.jpg,contempt
972.jpg,contempt
973.jpg,anger
974.jpg,contempt
975.jpg,anger
976.jpg,anger
977.jpg,anger
978.jpg,contempt
979.jpg,contempt
98.jpg,contempt
980.jpg,contempt
981.jpg,contempt
982.jpg,contempt
983.jpg,contempt
984.jpg,contempt
985.jpg,anger
986.jpg,anger
987.jpg,contempt
988.jpg,anger
989.jpg,contempt
99.jpg,contempt
990.jpg,contempt
991.jpg,contempt
992.jpg,contempt
993.jpg,anger
994.jpg,contempt
995.jpg,anger
996.jpg,anger
997.jpg,contempt
998.jpg,contempt
999.jpg,anger
